FEN,White,Black,Move,Knight_Promo_Score,Queen_Promo_Score,Knight_Win_Prob,Queen_Win_Prob,Classification
8/4kP2/8/6K1/6P1/8/7R/8 w - - 1 69,cinder-bot,simbelmyne-bot,f7f8n,9991,9997,1.0,1.0,Equivalent
8/n5kP/8/7K/8/8/8/8 w - - 1 97,Nikitosik-ai,Nikitosikbot_v2,h7h8n,2,-28,0.5017,0.4755,Equivalent
4K3/1PQ5/k7/8/3q4/8/8/8 w - - 15 77,pawn_git,MateWithRook_SF17DEV,b7b8n,13,0,0.5114,0.5,Equivalent
5r2/1bp1PP1k/pp6/8/P1P1p1pp/8/1P2p1PB/6K1 w - - 0 38,Jord10010,Shaginyan_A,e7f8n,-147,-9999,0.3741,0.0,Brilliant
5n2/p4P2/1p6/P1p5/8/5K2/6pk/8 b - - 0 57,byrize11,Resisperforjcl,g2g1n,-722,-9994,0.926,1.0,Style / Flex
8/P1k5/8/8/1P1Q4/5B2/7p/7K w - - 1 60,RouteDeCroissant,snow152,a7a8n,9998,0,1.0,0.5,Brilliant
8/1P1k1N2/8/4Q3/8/5B2/7p/7K w - - 13 71,RouteDeCroissant,snow152,b7b8n,9998,0,1.0,0.5,Brilliant
8/k1P3p1/2P5/B2Bp3/3bP1b1/P7/2K5/6q1 w - - 2 61,pawn_git,Boller1910,c7c8n,-5077,-9999,0.0,0.0,Equivalent
1rb2rkb/3P4/1N3pp1/1QpPp2p/8/5PPP/1B4K1/3R4 w - - 1 50,CPU2006,simpleEval,d7c8n,622,610,0.8982,0.8943,Equivalent
5K2/7P/5b2/3bk3/8/8/8/8 w - - 7 73,Cheng-4-NN,cinder-bot,h7h8n,-9986,-9987,0.0,0.0,Equivalent
8/8/8/8/8/4K3/3p3R/4k3 b - - 5 137,odonata-bot,Boller1910,d2d1n,28,9999,0.4755,0.0,Brilliant
5K2/4P3/5kq1/8/8/8/8/8 w - - 3 64,CivEn,nickVet,e7e8n,-9991,-9999,0.0,0.0,Equivalent
3Q4/4P1kp/p5p1/1p3q2/8/PP6/K1P4P/8 w - - 1 57,LeelaMultiPoss,odonata-bot,e7e8n,531,0,0.8651,0.5,Brilliant
3K4/4P3/1kq5/8/8/8/8/8 w - - 19 84,odonata-bot,Fruity23,e7e8n,-9988,-9999,0.0,0.0,Equivalent
8/P7/8/3b4/1p2k3/8/2K5/8 w - - 1 79,Boller1910,ilovecatgirl,a7a8n,0,0,0.5,0.5,Equivalent
4k3/R5p1/1r4Pp/5P1P/3N4/K7/N1p5/1r6 b - - 16 64,PZChessBot,duchessAI,c2c1n,-13,-4,0.5114,0.5035,Equivalent
7k/5B1p/3q1p1Q/2n2P2/1p1P2P1/1Pr1P3/2p1K3/7R b - - 2 51,simbelmyne-bot,AkuBot,c2c1n,599,9999,0.1094,0.0,Optimal
6K1/8/1R6/8/8/8/1pk5/8 b - - 3 89,simbelmyne-bot,cinder-bot,b2b1n,2,0,0.4983,0.5,Equivalent
8/1k5p/7n/2R5/8/B6P/n1p4K/8 b - - 1 46,LeelaMultiPoss,Motor-0,c2c1n,419,443,0.1875,0.175,Equivalent
8/5P2/8/8/7K/7P/1k6/8 w - - 1 75,CruelKen,Stockfish-MEDIUM,f7f8n,652,9990,0.9074,1.0,Style / Flex
8/1R6/8/8/8/3Kp3/4p3/3k4 b - - 3 99,Stockfish-MEDIUM,Brainy60,e2e1n,40,9999,0.4651,0.0,Brilliant
8/1Pb5/P1k3p1/3pBp1p/4pP1P/1K4P1/8/8 w - - 3 55,CruelKen,Motor-0,b7b8n,559,628,0.8762,0.9001,Equivalent
4r3/pR1QrPkp/2p3p1/8/8/3Pq2P/5RK1/8 w - - 1 35,Doctor_check_99,Terpsicore,f7e8n,9994,9995,1.0,1.0,Equivalent
8/6PQ/5k2/2NK4/2N5/8/1P6/8 w - - 3 65,vistagusta,powerfulfighter111,g7g8n,9997,0,1.0,0.5,Brilliant
5R2/8/8/8/6k1/8/6Kp/8 b - - 1 103,LeelaMultiPoss,Motor-0,h2h1n,9988,9988,0.0,0.0,Equivalent
4K3/1PkP4/P7/6b1/7p/7P/8/8 w - - 5 66,alapin_is_broken,ZenZe123,b7b8n,0,0,0.5,0.5,Equivalent
8/4K3/8/6k1/8/5QN1/7p/8 b - - 2 72,tomlesspit,YukariBot,h2h1n,9996,9996,0.0,0.0,Equivalent
k7/6P1/7n/8/8/8/8/5K2 w - - 1 102,CruelKen,Nikitosik-ai,g7g8n,-19,0,0.4834,0.5,Equivalent
8/3K4/8/8/8/8/5kp1/1R6 b - - 29 70,Nikitosikbot_v2,Nikitosik-ai,g2g1n,0,0,0.5,0.5,Equivalent
8/8/8/8/8/8/pK6/7k b - - 5 58,Surreptitiously421,SuperConfinado,a2a1n,0,0,0.5,0.5,Equivalent
8/5pk1/4p1p1/6P1/3n1b2/5P1p/2p2K2/8 b - - 1 58,Toiletmaster,blindcrocodile,c2c1n,-9994,0,1.0,0.5,Brilliant
8/8/4n3/4b3/3n2k1/4ppp1/7p/5K2 b - - 1 83,Toiletmaster,blindcrocodile,h2h1n,-9998,-10000,1.0,1.0,Equivalent
8/2k1P3/2b5/8/5R1p/5P1P/4r1PK/8 w - - 1 48,Cheng-4-NN,duchessAI,e7e8n,14,17,0.5122,0.5149,Equivalent
7r/5Pk1/3R4/2K5/8/8/8/8 w - - 9 135,Nikitosikbot_v2,ToromBot,f7f8n,-5,-2,0.4956,0.4983,Equivalent
8/2N1P3/5k2/8/2n1K3/8/8/8 w - - 3 169,Cheng-4,PZChessBot,e7e8n,4,7,0.5035,0.5061,Equivalent
7r/2P5/4k3/6R1/8/4K3/8/8 w - - 13 64,Nikitosik-ai,RaspFish,c7c8n,0,0,0.5,0.5,Equivalent
r5k1/1p1P4/4q1pB/p1p3P1/8/K7/1P1pn3/4RR2 b - - 5 40,KoT_Tropical,KAVO_LIDER,d2e1n,-991,-9996,0.9698,1.0,Equivalent
5k2/r7/6p1/8/8/1p6/1pp1q3/6K1 b - - 1 63,KoT_Tropical,KAVO_LIDER,c2c1n,-9998,-10000,1.0,1.0,Equivalent
5k2/r7/6p1/8/8/1p1n4/1p2q3/6K1 b - - 3 65,KoT_Tropical,KAVO_LIDER,b2b1n,-9998,-10000,1.0,1.0,Equivalent
5k2/r7/6p1/8/8/2nn4/1p2q3/7K b - - 1 68,KoT_Tropical,KAVO_LIDER,b2b1n,-9998,-10000,1.0,1.0,Equivalent
6R1/8/8/8/8/7k/5K1p/8 b - - 3 64,IAmMateCheckMate,KAPUTVSEMU,h2h1n,9988,9982,0.0,0.0,Equivalent
1B6/3R3p/k7/1p6/2rP3P/1K6/p4PP1/8 b - - 1 51,Recobachess,IgorVershinin2009,a2a1n,260,545,0.287,0.1293,Optimal
8/4KP2/8/2k1n3/8/1B6/8/8 w - - 1 139,Cheng-4-NN,Nikitosikbot_v2,f7f8n,2,-20,0.5017,0.4825,Equivalent
8/N1PR4/1K6/1P6/4k3/8/8/8 w - - 1 67,Hammurapi65,SiSi5i,c7c8n,9992,9996,1.0,1.0,Equivalent
2N5/NP1R4/2K1k3/8/8/8/8/8 w - - 1 71,Hammurapi65,SiSi5i,b7b8n,748,9996,0.932,1.0,Style / Flex
8/7p/p7/kp3R1K/8/7P/2r3p1/8 b - - 1 65,PutrescentKnight,MONCLER_4_EVER,g2g1n,-588,-9994,0.8868,1.0,Style / Flex
1Q6/1p1P1k2/p3pp2/3b1p2/8/2P5/P4qPP/3R3K w - - 3 32,paja534,FieryBrunette,d7d8n,377,-9999,0.7891,0.0,Brilliant
8/8/8/8/8/1K6/p4R2/1k6 b - - 3 60,Katik87,Semkov,a2a1n,9992,9999,0.0,0.0,Equivalent
8/4n3/5k1p/3b1P1P/1r6/K5p1/4p1n1/8 b - - 3 49,WegiVonTana,Bond_Ivan,e2e1n,-9994,0,1.0,0.5,Brilliant
8/4n3/5k1p/5b1n/8/2K5/6p1/4n3 b - - 1 55,WegiVonTana,Bond_Ivan,g2g1n,-9989,-9996,1.0,1.0,Equivalent
8/8/8/4kn2/5n2/5n2/b6p/K5n1 b - - 9 66,WegiVonTana,Bond_Ivan,h2h1n,-9991,-9996,1.0,1.0,Equivalent
8/5P1p/3K3P/8/8/8/8/4Nk2 w - - 1 74,Nikitosik-ai,OlympusCz,f7f8n,870,9992,0.9546,1.0,Equivalent
3r4/7p/8/p7/P7/6R1/kp5K/8 b - - 1 49,GuyHiddenInTheDepths,FianuioAspas12,b2b1n,-446,-826,0.8265,0.9474,Style / Flex
3r4/7p/8/8/8/1kn5/p5RK/8 b - - 1 58,GuyHiddenInTheDepths,FianuioAspas12,a2a1n,-317,-9990,0.752,1.0,Style / Flex
8/1P1k4/8/4b1K1/8/8/8/8 w - - 1 128,Nikitosikbot_v2,OlympusCz,b7b8n,-45,-15,0.4607,0.4869,Equivalent
8/8/8/3K4/4p3/3bk2B/5p2/8 b - - 1 67,Dontknowhowtochess96,KAVO_LIDER,f2f1n,-196,-1170,0.6651,0.9836,Style / Flex
8/1P6/n7/3k4/6K1/8/8/8 w - - 10 87,Nikitosik-ai,OlympusCz,b7b8n,-44,-3,0.4616,0.4974,Equivalent
8/7P/5N2/KP6/8/8/8/2k5 w - - 1 69,Nikitosik-ai,OlympusCz,h7h8n,9989,9994,1.0,1.0,Equivalent
8/8/8/5Kp1/P2N3k/8/4p3/8 b - - 1 50,Ukraine-team-creator,bot_adario,e2e1n,521,622,0.139,0.1018,Equivalent
8/8/5P2/8/7p/2N4P/1p1K2P1/k7 b - - 0 59,MiroulLaSurie,delta_shtrikh,b2b1n,9992,9993,0.0,0.0,Equivalent
8/5P2/4k3/3p4/1p1Q4/8/1KP5/8 w - - 1 42,Highkey_undercover,MiroulLaSurie,f7f8n,9989,9998,1.0,1.0,Equivalent
1kr5/1P6/K7/8/8/8/8/8 w - - 0 149,ArasanX,ToromBot,b7c8n,0,0,0.5,0.5,Equivalent
8/P7/8/1K3k2/1P6/8/8/8 w - - 1 57,Nikitosikbot_v2,MaxtheDog,a7a8n,620,9992,0.8975,1.0,Style / Flex
8/pp3PQ1/8/5k2/8/8/P7/K5R1 w - - 1 44,orange_knight788,master05,f7f8n,9994,9998,1.0,1.0,Equivalent
8/5Pq1/8/P3k3/4b2K/8/8/8 w - - 1 65,Buhmann,average-israeli,f7f8n,-9996,-9996,0.0,0.0,Equivalent
8/8/4k3/1p6/8/2K5/p7/8 b - - 1 55,OpeningsBot,Shocky_BOT,a2a1n,0,-9992,0.5,1.0,Blunder
8/3Pk3/8/1R6/8/p4K2/8/8 w - - 1 55,cinder-bot,pawn_git,d7d8n,467,9979,0.8368,1.0,Style / Flex
5k2/PR5R/7p/1P4pP/4r3/4r3/5p1K/8 b - - 1 112,PZChessBot,InanisBot,f2f1n,0,9999,0.5,0.0,Brilliant
2R5/1k1Pbp2/1p6/p3KB1r/P6P/8/8/8 w - - 20 98,Nikitosik-ai,MayhemPI_cluster,d7d8n,166,202,0.6413,0.6697,Blunder
2Q5/2P1k3/p1P2p2/8/B3P3/5p2/3K1pnp/8 b - - 0 40,JoeAssaad,Hadij17,f2f1n,9995,9998,0.0,0.0,Equivalent
8/7P/5P2/4k3/6B1/8/6K1/8 w - - 1 60,cinder-bot,YukariBot,h7h8n,201,9995,0.669,1.0,Style / Flex
8/8/8/5n2/5k1p/5p2/4p2K/8 b - - 1 67,canc3111,Jakebr8,e2e1n,-9995,-9999,1.0,1.0,Equivalent
8/8/8/5n2/5k1p/8/5p1K/4n3 b - - 1 69,canc3111,Jakebr8,f2f1n,-9994,0,1.0,0.5,Brilliant
8/1N1P4/4K3/6k1/2B5/8/8/8 w - - 1 80,cinder-bot,simbelmyne-bot,d7d8n,391,9996,0.7971,1.0,Style / Flex
8/5p2/8/8/5N2/8/3K1kp1/8 b - - 9 52,Brainy60,ArasanX,g2g1n,-26,-15,0.5227,0.5131,Equivalent
8/8/8/3n4/8/8/1kp2K2/4N3 b - - 1 71,cinder-bot,SaxtonEngine,c2c1n,0,-3,0.5,0.5026,Equivalent
8/4P3/4k3/7p/8/P3K3/6PP/8 w - - 1 42,blindcrocodile,kahvitauko,e7e8n,706,9987,0.9221,1.0,Style / Flex
8/8/8/3k4/8/8/3Kp3/8 b - - 1 91,PerseusBot,cinder-bot,e2e1n,0,0,0.5,0.5,Equivalent
3Q4/pp3P1k/3p2r1/4p3/2PpPP2/3P4/P1q3P1/R5K1 w - - 0 33,Jheronimo,Podrebo,f7f8n,718,-9999,0.925,0.0,Brilliant
8/8/8/8/8/5QK1/7p/6k1 b - - 4 75,Konnov_Oleg,gines13,h2h1n,9995,9999,0.0,0.0,Equivalent
6k1/8/5p2/5P2/8/8/5BKp/8 b - - 1 59,Brainy60,YukariBot,h2h1n,735,735,0.0709,0.0709,Equivalent
8/8/8/5K2/8/8/6p1/7k b - - 0 91,simbelmyne-bot,cinder-bot,g2g1n,1,-9985,0.4991,1.0,Blunder
8/2R3Pk/8/8/8/1K6/4r3/8 w - - 13 80,Nikitosik-ai,Brainy60,g7g8n,0,0,0.5,0.5,Equivalent
8/2PP1k2/4p1p1/4P3/5P1p/3Q1K1P/r5P1/4q3 w - - 17 73,simbelmyne-bot,DarkOnBot,d7d8n,-137,-9997,0.3824,0.0,Brilliant
rnbqk1nr/ppp2ppp/8/4P3/1BP5/8/PP2KpPP/RN1Q1BNR b kq - 1 7,Mysterious-Master,SAGlTARlUS,f2g1n,-515,18,0.8585,0.4843,Brilliant
1q3k2/6RR/5Np1/3r4/7P/3p2P1/1P3p1K/8 b - - 1 45,rtahmass,Keelgara,f2f1n,-692,9999,0.9185,0.0,Brilliant
7k/2Pb4/7P/5p2/2B3p1/6K1/5p2/8 b - - 5 53,InanisBot,AkuBot,f2f1n,1,9,0.4991,0.4921,Equivalent
8/3P1k2/P7/3p1qp1/N2P2n1/1r2p1Pp/4QP1P/2R3K1 w - - 0 41,Haunting_Games,rain_chesss,d7d8n,18,636,0.5157,0.9026,Blunder
3k4/8/8/8/6p1/8/Kp2q3/8 b - - 1 74,YukariBot,cinder-bot,b2b1n,-9996,-9997,1.0,1.0,Equivalent
8/P7/8/1PK1k3/8/8/6b1/8 w - - 13 108,PetersBot,Brainy60,a7a8n,1,0,0.5009,0.5,Equivalent
8/4P1k1/4Qp2/7p/7P/6PK/8/2q5 w - - 1 69,InanisBot,CPU2006,e7e8n,148,-9999,0.6267,0.0,Brilliant
5q2/7P/6k1/8/7K/8/8/8 w - - 0 60,ViennaDragon,gAAAmbit,h7h8n,-9993,-9993,0.0,0.0,Equivalent
4R3/7P/5b2/1k6/p2P1P2/4P3/4K3/8 w - - 2 59,kasparik_garik,KhatanbaatarGM,h7h8n,564,818,0.878,0.946,Style / Flex
4R3/P7/8/8/3K4/5Q2/7k/8 w - - 1 58,cinder-bot,pawn_git,a7a8n,9998,9999,1.0,1.0,Equivalent
8/5P2/6K1/2k5/8/6P1/8/1R6 w - - 1 98,Nikitosik-ai,colinbot,f7f8n,9989,9996,1.0,1.0,Equivalent
8/2b5/2P2p2/2PK4/8/5k2/4p3/8 b - - 1 57,spectraline,TheMaskedFelon,e2e1n,-227,-9988,0.6888,1.0,Style / Flex
8/5p2/2K3kp/8/3q4/8/p7/8 b - - 1 74,klopji,Mettigel,a2a1n,-9992,-9998,1.0,1.0,Equivalent
4r3/6p1/p2R3p/2pP4/P1P3k1/2Pn1NP1/4p1KP/8 b - - 2 39,Meltd0wn,PZChessBot,e2e1n,-563,-278,0.8777,0.7257,Optimal
8/1P6/1K2p3/3kn3/8/8/8/8 w - - 0 64,InanisBot,PerseusBot,b7b8n,-11,-627,0.4904,0.1002,Brilliant
8/4P1k1/3q4/2p5/8/3B4/3N4/3K4 w - - 0 47,Euwe-chess-engine,LimboBot,e7e8n,419,10,0.8125,0.5087,Brilliant
6R1/8/P6k/5K2/r7/8/6p1/8 b - - 1 59,CPU2002,AkuBot,g2g1n,9,0,0.4921,0.5,Equivalent
8/8/8/8/8/4K3/1R3p2/4k3 b - - 7 90,tomlesspit,project-shashchess,f2f1n,42,9999,0.4633,0.0,Brilliant
5K2/6P1/3kq3/8/8/8/8/8 w - - 15 72,chess-2-bot,InanisBot,g7g8n,-9994,-9999,0.0,0.0,Equivalent
8/6b1/p5Pk/8/2QP3P/5pP1/2R2p1K/4q3 b - - 0 54,GNU4u,ChessatronBot,f2f1n,-9993,-9994,1.0,1.0,Equivalent
6K1/1r5P/6k1/8/8/8/8/8 w - - 3 58,Impreg,ItIsAsItIs,h7h8n,-9991,-9999,0.0,0.0,Equivalent
5K2/2r3P1/5k2/8/8/8/8/8 w - - 3 69,MateWithRook_SF17DEV,tomlesspit,g7g8n,-43,-9999,0.4624,0.0,Brilliant
8/7P/6K1/4k3/8/8/8/8 w - - 1 85,cinder-bot,SaxtonEngine,h7h8n,6,9992,0.5052,1.0,Blunder
8/8/7p/3k3P/8/8/pK6/8 b - - 1 56,Fruity23,Nikitosik-ai,a2a1n,0,0,0.5,0.5,Equivalent
3k4/R7/3KP3/7p/4br2/1P6/P5p1/8 b - - 1 51,shotachkonia1957,buldog58,g2g1n,-189,-1053,0.6596,0.9755,Style / Flex
8/P7/4k2p/1N4p1/1P6/5n2/r7/3K4 w - - 2 53,kasparik_garik,miki_train,a7a8n,-614,-513,0.1044,0.1424,Equivalent
2bq4/3P3k/6rp/pNb1p1n1/4Ppp1/8/5PPP/2RQR1K1 w - - 0 32,CPU2006,PZChessBot,d7c8n,229,241,0.6903,0.6992,Equivalent
3K4/2P3r1/3k4/8/8/8/8/8 w - - 7 105,CPU2006,ChessatronBot,c7c8n,-17,-9999,0.4851,0.0,Brilliant
8/4Qp1k/3P3p/5q2/3Bp2P/1P2P1Kb/P5p1/R7 b - - 1 39,CPU2002,bot_adario,g2g1n,785,812,0.0602,0.0551,Equivalent
8/8/8/6P1/3NK3/8/2pk4/8 b - - 1 67,MateWithRook_SF17DEV,YukariBot,c2c1n,565,671,0.1216,0.0872,Equivalent
6B1/2P2K1P/8/4bk2/1p6/1P6/8/8 w - - 1 72,MGSAFT,Wild_of_luck,c7c8n,533,891,0.8659,0.9576,Style / Flex
R7/1P2N3/2K5/8/3k4/2b5/8/8 w - - 1 96,MGSAFT,Wild_of_luck,b7b8n,435,9994,0.8209,1.0,Style / Flex
8/p6P/1p1p4/3p1k1K/3P1P2/2P3q1/PP6/8 w - - 3 54,Dlersta31,Shaginyan_A,h7h8n,-9999,-9999,0.0,0.0,Equivalent
5k2/8/8/8/8/8/6Kp/8 b - - 1 68,Matrioshka_brain,Nikitosik-ai,h2h1n,0,0,0.5,0.5,Equivalent
8/p7/8/8/7p/5K2/R5p1/5k2 b - - 3 51,ChessOKRU,Haunting_Games,g2g1n,69,9999,0.4399,0.0,Brilliant
8/3P3p/4K1k1/8/8/7p/r7/8 w - - 0 52,gmlectures,DenQ,d7d8n,-1102,-9984,0.0207,0.0,Equivalent
6R1/5P1k/7p/3B3P/2P3K1/6Pr/8/8 w - - 5 51,Continental_77,Johantex,f7f8n,10000,9993,1.0,1.0,Equivalent
8/3k1P2/3P1K2/8/8/8/8/4r3 w - - 3 66,Whynot72,Hercule_chess2024,f7f8n,-38,0,0.4668,0.5,Equivalent
6R1/8/8/8/8/3K4/5kp1/8 b - - 3 65,Whynot72,Hercule_chess2024,g2g1n,26,0,0.4773,0.5,Equivalent
8/8/8/7k/4n3/6r1/4K1p1/Q7 b - - 13 68,FireTorchV2,cinder-bot,g2g1n,-33,0,0.5288,0.5,Equivalent
8/2p1k3/2n4p/4p3/8/2P4P/1p4P1/R2Q2K1 b - - 0 40,EliteLeela,simbelmyne-bot,b2a1n,635,646,0.0977,0.0944,Equivalent
8/8/8/8/8/4K3/R4p2/4k3 b - - 7 94,duchessAI,Fruity23,f2f1n,26,9999,0.4773,0.0,Brilliant
5bnr/p3kP2/8/qrp5/1nQ1PB1p/5N2/1P4PP/1K1R3R w - - 1 23,civotnezc,KamranShirazi,f7g8n,720,725,0.9255,0.9267,Equivalent
2r3k1/5ppp/1q6/3pBb2/3P4/Q3PB1P/1p3PP1/R5K1 b - - 2 25,Lynx_BOT,YukariBot,b2a1n,-43,-62,0.5376,0.554,Equivalent
8/8/6Q1/8/7k/2P2K2/P5p1/8 b - - 3 62,QuCq,aqua7777,g2g1n,9997,9999,0.0,0.0,Equivalent
7K/6P1/4Q3/3R4/1k6/8/8/8 w - - 1 76,cinder-bot,simbelmyne-bot,g7g8n,9997,9998,1.0,1.0,Equivalent
7R/5PK1/8/3k4/8/8/6n1/8 w - - 1 96,cinder-bot,odonata-bot,f7f8n,256,9991,0.7101,1.0,Style / Flex
8/8/8/8/8/1k6/p7/6K1 b - - 0 74,odonata-bot,cinder-bot,a2a1n,-15,-9993,0.5131,1.0,Blunder
6R1/5K1k/8/1p6/1P6/8/6p1/8 b - - 0 46,Eliteplayer001,itilted,g2g1n,9987,9987,0.0,0.0,Equivalent
8/3P1k2/pP6/2p2K1p/6p1/6b1/4r1P1/1R6 w - - 0 55,ShallowGuessBOT,fornax-engine,d7d8n,-138,-9999,0.3815,0.0,Brilliant
1Q6/3pP1pp/6k1/2p5/P4P2/8/1P4bP/4R1K1 w - - 0 33,PassiveHero,Norbertt_9,e7e8n,9995,9998,1.0,1.0,Equivalent
7k/p6p/7r/1N5q/1PpPQP2/4P3/P1R4p/6RK b - - 0 37,CPU2010,PatriciaBot,h2g1n,-75,-87,0.5653,0.5755,Equivalent
q7/5P1k/4PQp1/7p/7P/6P1/5P1K/3r4 w - - 1 45,JakobVangGlud,b31b6Consultant,f7f8n,9984,-9999,1.0,0.0,Brilliant
8/P7/2Q5/1K3k2/1P6/8/8/8 w - - 1 69,cinder-bot,simbelmyne-bot,a7a8n,9992,9997,1.0,1.0,Equivalent
k7/2QN4/4p3/5p2/p4P2/PP6/3p1K2/8 b - - 5 71,caissa-x,unyque999,d2d1n,9998,9999,0.0,0.0,Equivalent
5rk1/1p3bpp/p1q1p2P/4Q3/1P3BP1/8/P4p1K/R7 b - - 1 30,AmandeepGoral,cocafanta,f2f1n,26,9999,0.4773,0.0,Brilliant
8/6P1/3k4/p2p1B2/P2K4/2p5/1p6/8 b - - 0 54,canary_colinbot,YukariBot,b2b1n,9992,9992,0.0,0.0,Equivalent
5Q2/P7/8/8/6P1/8/4k3/6K1 w - - 1 73,Shocky_BOT,ChessatronBot,a7a8n,9993,9997,1.0,1.0,Equivalent
N4Q2/6P1/8/8/8/3k4/8/6K1 w - - 1 77,Shocky_BOT,ChessatronBot,g7g8n,9990,9997,1.0,1.0,Equivalent
8/8/6k1/5ppp/3q4/6PK/2p5/8 b - - 1 57,Knights4base,sergiosacani,c2c1n,-9995,-9998,1.0,1.0,Equivalent
4R3/8/8/5b2/5k2/1K6/4p3/8 b - - 0 107,odonata-bot,cinder-bot,e2e1n,19,41,0.4834,0.4642,Equivalent
6k1/5ppp/3p1b2/3P4/8/1R1B4/2p1KPPP/r7 b - - 1 28,rtahmass,BoneCrusher2020,c2c1n,-723,9997,0.9263,0.0,Brilliant
2r5/3RPrk1/1pp2qp1/p3R2p/5np1/P3Q3/1PB5/6K1 w - - 0 47,Lakshan_18,simbelmyne-bot,e7e8n,289,303,0.7333,0.7428,Equivalent
6Q1/R4Pp1/6kp/8/2q5/8/2r4P/5R1K w - - 3 31,horeet,chessmount,f7f8n,9994,9991,1.0,1.0,Equivalent
3r1k2/2R4R/2r4p/8/5P2/4P3/2p1K1PP/8 b - - 6 38,CPU2002,CPU1998,c2c1n,11,9999,0.4904,0.0,Brilliant
4k3/8/5Rp1/5N2/7P/6r1/5p1K/8 b - - 0 57,enriann10,Sc_Oblivion,f2f1n,-15,282,0.5131,0.2715,Brilliant
2Q5/8/8/8/5P2/8/k3pPK1/8 b - - 0 60,Ekvip,JonJonesTheDuck,e2e1n,9990,428,0.0,0.1827,Suboptimal
8/2KP4/5B2/1kn5/8/8/8/8 w - - 9 153,simbelmyne-bot,cinder-bot,d7d8n,28,-5,0.5245,0.4956,Equivalent
8/r1P4R/3k1p2/8/5PK1/8/8/8 w - - 0 52,musadlane,Pygmaioi,c7c8n,960,567,0.9664,0.8792,Optimal
7r/3P4/p1K1k3/R5B1/7P/8/2P5/8 w - - 0 53,Euwe-chess-engine,FataliiBot,d7d8n,9993,9993,1.0,1.0,Equivalent
8/6KP/8/8/6k1/8/8/2B5 w - - 1 69,nikakogo_prazdnika,Guary1,h7h8n,206,9994,0.6728,1.0,Style / Flex
3r2k1/pb4q1/1p1pP1N1/2p3Q1/2P1p1P1/1P3r1R/P3pPK1/7R b - - 2 31,morus22,MothToTheFlame,e2e1n,881,9997,0.0438,0.0,Equivalent
RQ6/7P/6p1/5k2/2K5/8/8/8 w - - 1 66,PZChessBot,InanisBot,h7h8n,9996,9997,1.0,1.0,Equivalent
8/b7/8/8/4N3/1K6/4kp2/8 b - - 1 100,Boller1910,ArasanX,f2f1n,-25,-1,0.5219,0.5009,Equivalent
3r4/4P1k1/p5pb/1p2p1q1/8/1QP1N1P1/PP3r2/R3K2R w KQ - 1 26,PZChessBot,eubos,e7e8n,-457,-9999,0.1681,0.0,Optimal
8/6P1/8/3K4/8/8/4k3/8 w - - 1 78,cinder-bot,YukariBot,g7g8n,0,9993,0.5,1.0,Blunder
8/5kP1/4p3/8/8/4p1K1/8/8 w - - 0 62,AkuBot,InanisBot,g7g8n,-6,0,0.4948,0.5,Equivalent
brr5/4k1Pp/pq1p1b2/4pP2/4P3/1BN5/1PnBQ3/1K1R3R w - - 0 27,Buster014,NewYorker07,g7g8n,295,305,0.7374,0.7441,Equivalent
5rrk/4P1b1/6Qp/8/p6P/P1p2P2/2P5/K3R3 w - - 5 55,LeelaMultiPoss,odonata-bot,e7f8n,816,948,0.9456,0.965,Equivalent
8/6P1/1P5k/5Q2/8/q7/5BPK/8 w - - 11 54,Xmaskerino_Student,cedchass25,g7g8n,9994,0,1.0,0.5,Brilliant
6r1/1P3k2/2B5/1R3PBp/7P/6K1/8/8 w - - 1 53,passionatelover6969,Stallion28,b7b8n,1254,9996,0.9877,1.0,Equivalent
5r2/8/8/4R3/2q3R1/2k1K2P/3p4/8 b - - 15 66,simpleEval,CPU2002,d2d1n,-10000,-9994,1.0,1.0,Equivalent
4r3/2P5/2R5/1p6/1k6/8/2K5/8 w - - 0 65,LichForLabs,abudabi22840,c7c8n,24,9982,0.521,1.0,Blunder
3rr1k1/ppP2pbp/6p1/4Nb2/3P1Q2/7P/PqP1B1P1/5RK1 w - - 0 21,Shocky_BOT,ChessatronBot,c7d8n,-77,-58,0.433,0.4494,Equivalent
8/Pk6/8/8/8/8/4K3/8 w - - 0 82,cinder-bot,SaxtonEngine,a7a8n,0,0,0.5,0.5,Equivalent
8/8/8/6K1/8/5q2/4k1p1/8 b - - 1 78,SLCAEBSTPSFKKKAC,mirshoja,g2g1n,-9994,-9999,1.0,1.0,Equivalent
rn3bk1/6p1/6q1/8/8/7K/5p2/1b6 b - - 7 60,alexcrafter67,ranibow_ghost,f2f1n,-9998,-9999,1.0,1.0,Equivalent
1K6/P4r2/1k6/8/6p1/6P1/5P2/8 w - - 0 63,onlychesss,tieckl,a7a8n,-9990,-9999,0.0,0.0,Equivalent
r5k1/ppQ1n1qp/2n1N3/2Pp1P2/8/P1PK4/2p3r1/8 b - - 2 28,Winquitter,orhanilu,c2c1n,-9998,-9998,1.0,1.0,Equivalent
8/2Pk4/5p2/3K1P2/6p1/8/5P2/8 w - - 1 58,Alechinback,ranibow_ghost,c7c8n,694,1020,0.919,0.9726,Style / Flex
8/8/6k1/3K4/8/8/7p/2q5 b - - 1 86,pawn_git,cinder-bot,h2h1n,-9993,-9997,1.0,1.0,Equivalent
8/4QP2/1k6/8/8/2K3P1/P4P2/8 w - - 1 46,cinder-bot,Weiawaga,f7f8n,9996,9998,1.0,1.0,Equivalent
r4rk1/p2n1p2/1p2pn1Q/1Np5/2PP2q1/3B1P2/PP4pK/3R1R2 b - - 1 22,blitz2006,czechplayer01,g2f1n,-426,-301,0.8162,0.7414,Optimal
8/6Q1/8/8/1p3K2/7k/7p/8 b - - 5 66,CPU2002,simbelmyne-bot,h2h1n,9998,9999,0.0,0.0,Equivalent
8/8/6Q1/8/8/5K2/6p1/5k2 b - - 1 85,cinder-bot,YukariBot,g2g1n,9994,9999,0.0,0.0,Equivalent
8/6kP/8/5Q2/8/5P2/6K1/8 w - - 1 71,cinder-bot,simbelmyne-bot,h7h8n,9994,9995,1.0,1.0,Equivalent
4K3/1r3P2/4k3/8/8/8/8/8 w - - 7 78,colinbot,SOLIDOR59,f7f8n,-19,-9999,0.4834,0.0,Brilliant
2r3k1/p4p2/4pP2/2p3q1/1p6/5QP1/PpB2PK1/3R4 b - - 0 29,Weiawaga,CPU2002,b2b1n,659,706,0.0906,0.0779,Equivalent
5k2/7R/5P2/4p1P1/6K1/r7/p6P/1n6 b - - 4 53,Kacem2014,NightWish2000,a2a1n,766,-621,0.0641,0.8978,Blunder
8/8/8/K5k1/8/8/7p/8 b - - 0 64,Lynx_BOT,cinder-bot,h2h1n,0,-9990,0.5,1.0,Blunder
7Q/5P2/8/k7/6K1/8/8/8 w - - 1 88,cinder-bot,simbelmyne-bot,f7f8n,9990,9997,1.0,1.0,Equivalent
1rn4r/p2kbP2/P1ppN1p1/q3n2p/4P3/2N4Q/BP4PP/2B2RK1 w - - 1 29,CPU2006,simpleEval,f7f8n,496,487,0.8502,0.8461,Equivalent
8/R6p/2k5/2p2p2/7P/6P1/p4PK1/8 b - - 0 45,Neptune_Uranus,ebaldreamal,a2a1n,670,706,0.0875,0.0779,Equivalent
4Q3/pr2bP2/2npk3/q1p1p3/4P3/3P4/Pp6/R1B2RK1 w - - 0 33,JohnAllen,purpleblitz,f7f8n,10000,9999,1.0,1.0,Equivalent
1r6/8/3p1k1p/2pP3P/3n1P2/2KP1B2/1p6/8 b - - 1 47,Unagi5,OnePysy,b2b1n,-9999,-9997,1.0,1.0,Equivalent
8/2P5/3K4/8/2k3B1/8/8/8 w - - 1 65,cinder-bot,odonata-bot,c7c8n,205,9995,0.6721,1.0,Style / Flex
2rr4/1P2k2p/1p1p2p1/4p3/2P5/6P1/PPK5/5R2 w - - 0 37,Dandel2i3Fernandez,Aleksandr_Ladoga,b7c8n,-188,-185,0.3412,0.3436,Equivalent
1Q6/2P5/3K4/3N1k2/8/8/8/8 w - - 1 74,cinder-bot,Lynx_BOT,c7c8n,9994,9997,1.0,1.0,Equivalent
2K5/1P6/4p3/8/8/8/6k1/8 w - - 0 72,cinder-bot,SaxtonEngine,b7b8n,0,9990,0.5,1.0,Blunder
5rk1/8/4p3/p6r/2q5/PP6/K1p4p/4Q2R b - - 0 60,simbelmyne-bot,Lynx_BOT,c2c1n,-9990,-9992,1.0,1.0,Equivalent
2r2n1r/p1q1P1k1/1p1p1pP1/3B3p/2P4P/6P1/PP2Q3/R1B3K1 w - - 1 24,orhanilu,InfamousOne,e7e8n,485,533,0.8452,0.8659,Equivalent
8/6kP/3p2p1/1b1P1p2/1b3P2/1B4K1/8/q7 w - - 1 51,kiflaaa,SmokedGray,h7h8n,-9997,-9995,0.0,0.0,Equivalent
3R4/4P1k1/pNp3p1/P4p2/4q3/6Pp/5P1P/3R2K1 w - - 1 43,Chessisnotfair,RebeccaHarris,e7e8n,294,-9999,0.7367,0.0,Brilliant
8/1P5p/2k3p1/2p2p2/2n4P/1R1RrPK1/6P1/3q4 w - - 0 41,Boller1910,Lili-ai,b7b8n,0,3,0.5,0.5026,Equivalent
8/3Pk3/7p/2p5/bpP2p1P/5P2/r7/4K3 w - - 3 74,pawn_git,MateWithRook_SF17DEV,d7d8n,-9995,-9995,0.0,0.0,Equivalent
8/4PK2/8/7p/b6P/6k1/5p2/8 w - - 0 61,Lynx_BOT,cinder-bot,e7e8n,-9988,-9988,0.0,0.0,Equivalent
8/5p2/8/8/8/5K2/R5p1/5k2 b - - 3 68,OpeningsBot,InanisBot,g2g1n,65,9999,0.4434,0.0,Brilliant
8/4P1k1/1p1B1p2/3p4/3Pp1P1/P5PK/4q3/1q6 w - - 0 55,daniel_chessbot,SaxtonEngine,e7e8n,-9998,-9999,0.0,0.0,Equivalent
8/7k/2K5/8/8/8/6p1/4q3 b - - 1 78,simbelmyne-bot,cinder-bot,g2g1n,-9992,-9997,1.0,1.0,Equivalent
8/4k2p/2P3p1/3P4/8/3N2P1/4pbKP/8 b - - 2 46,CPU2006,PZChessBot,e2e1n,-8,-166,0.507,0.6413,Suboptimal
2R5/pp3Ppk/7p/P2N4/4nP2/4P2P/1q6/4nRK1 w - - 1 34,YoBot_v2,Botyuliirma,f7f8n,0,-9999,0.5,0.0,Brilliant
8/2Pk4/8/1K6/3B4/8/8/8 w - - 1 76,cinder-bot,simbelmyne-bot,c7c8n,0,0,0.5,0.5,Equivalent
8/8/8/8/p7/2K5/1p5R/2k5 b - - 3 73,CPU2010,Shocky_BOT,b2b1n,51,9999,0.4555,0.0,Brilliant
r3r3/3P2kp/2p3p1/1pb1pp2/2p5/P1P1P2P/1P4P1/3R1RK1 w - - 0 26,Mischuk_D,KAPUTVSEMU,d7e8n,123,-31,0.606,0.4729,Optimal
7k/PP1PQ3/4R3/8/4B2K/8/8/8 w - - 1 72,chesssink,ana_7azeen,d7d8n,9998,10000,1.0,1.0,Equivalent
B7/6P1/7Q/1k6/5K2/8/8/8 w - - 1 86,cinder-bot,Lynx_BOT,g7g8n,9994,9997,1.0,1.0,Equivalent
8/7P/5K2/8/1Pk3P1/8/8/8 w - - 1 65,cinder-bot,odonata-bot,h7h8n,1024,9992,0.973,1.0,Equivalent
7N/6P1/5K2/8/3k4/8/8/8 w - - 1 70,cinder-bot,odonata-bot,g7g8n,-65,9991,0.4434,1.0,Blunder
8/2r5/R2b4/3Pp1k1/4P3/3N2p1/2p1K1P1/8 b - - 1 75,magnusglad_bot,YukariBot,c2c1n,-5,-10,0.5044,0.5087,Equivalent
8/8/8/8/6k1/8/4Kp2/8 b - - 1 75,simbelmyne-bot,cinder-bot,f2f1n,0,0,0.5,0.5,Equivalent
8/8/3p4/3P4/8/3K4/6p1/3Qbk2 b - - 13 78,MateWithRook_SF17DEV,YukariBot,g2g1n,1278,9999,0.0113,0.0,Equivalent
1k2r2r/ppp3p1/6q1/3p3p/5P2/1Q2n2P/PP1Np2K/R1B1RB2 b - - 0 28,Odnoobraz,bazar-wokzal,e2f1n,-9999,-9998,1.0,1.0,Equivalent
8/8/8/8/k7/8/1pK5/b7 b - - 1 76,SaxtonEngine,cinder-bot,b2b1n,-12,0,0.5105,0.5,Equivalent
8/5N2/6pP/5k2/8/1B6/P3rpK1/8 b - - 0 57,MateWithRook_SF17DEV,pawn_git,f2f1n,389,419,0.204,0.1875,Equivalent
8/8/2K5/8/6k1/8/5p2/7n b - - 1 83,simbelmyne-bot,cinder-bot,f2f1n,25,-9991,0.4781,1.0,Blunder
2Q5/6k1/8/pR1Pp3/P3pb2/8/2K1p3/8 b - - 1 49,alexthegrat,MaxtheDog,e2e1n,9994,9995,0.0,0.0,Equivalent
8/1PK2N2/8/2nk4/8/8/8/8 w - - 1 111,Weiawaga,cinder-bot,b7b8n,1,7,0.5009,0.5061,Equivalent
8/7P/5p2/4kp2/7r/8/4K3/8 w - - 1 117,bot_adario,ArasanX,h7h8n,-9986,-9988,0.0,0.0,Equivalent
3r4/2P2k2/pBnKp3/P5p1/7p/7P/8/8 w - - 0 71,Euwe-chess-engine,CPU2002,c7d8n,556,644,0.875,0.905,Equivalent
8/6p1/6k1/8/2q5/8/1K3p2/8 b - - 1 80,SaxtonEngine,cinder-bot,f2f1n,-9996,-9999,1.0,1.0,Equivalent
1K6/8/8/8/2k5/8/6Bp/8 b - - 4 78,PZChessBot,Shocky_BOT,h2h1n,5,0,0.4956,0.5,Equivalent
2Q5/1P6/8/K7/8/4k3/8/8 w - - 1 96,cinder-bot,odonata-bot,b7b8n,9990,9997,1.0,1.0,Equivalent
1R1B4/4Pk2/8/2bp1b2/2p5/1p1n2P1/7K/8 w - - 1 61,pawn_git,cinder-bot,e7e8n,-642,-657,0.0956,0.0912,Equivalent
8/5p2/8/8/8/4K3/R4p2/4k3 b - - 3 95,CPU2002,Shocky_BOT,f2f1n,27,9999,0.4764,0.0,Brilliant
8/3PB1p1/4n2p/3kP2P/p1pp1p2/P7/8/5K2 w - - 0 103,bot_adario,duchessAI,d7d8n,-569,-657,0.1201,0.0912,Equivalent
8/1P3pk1/r3pp2/2b5/2P1KPPp/7P/8/8 w - - 0 43,diabloazul2006,always63,b7b8n,-9997,-772,0.0,0.0629,Suboptimal
8/4P2k/5Q2/8/1P6/8/1K6/8 w - - 1 88,cinder-bot,SaxtonEngine,e7e8n,9999,0,1.0,0.5,Brilliant
1K6/3R1P2/4N1k1/3pP1pp/6P1/2P5/8/8 w - - 1 62,LeelaMultiPoss,pawn_git,f7f8n,9999,9998,1.0,1.0,Equivalent
8/3P1k2/1p4p1/2pK2P1/2P5/7P/8/4r3 w - - 1 45,trainingaccount996,ChessRabbit2023,d7d8n,-306,-512,0.2552,0.1428,Optimal
8/1Pkn4/8/6p1/1P1K1pP1/7P/8/8 w - - 1 84,pawn_git,InvinxibleFlxsh,b7b8n,-426,-495,0.1838,0.1503,Equivalent
8/R5P1/5k2/5p1K/7P/6br/P7/8 w - - 1 48,Tactician_01,i_am_averybadplayer,g7g8n,5,-9999,0.5044,0.0,Brilliant
r2q4/p4P1k/bpp3p1/n2P3p/2P1p3/7Q/PB4PP/1R4K1 w - - 1 29,cinder-bot,YukariBot,f7f8n,383,410,0.7926,0.8077,Equivalent
1r4k1/p4p1p/q5pP/5nP1/5P2/N1P5/PPQ1p3/1K1RR3 b - - 1 32,MiroulLaSurie,AntoineTianTian,e2d1n,387,363,0.2051,0.2192,Equivalent
8/8/8/8/8/3K4/1Qp5/3k4 b - - 7 80,LeelaMultiPoss,Stockfish-MEDIUM,c2c1n,9997,9999,0.0,0.0,Equivalent
1r2r3/p2PB1kp/4Q1p1/1pq5/n1p2pB1/7P/P5P1/4bR1K w - - 0 30,Papa_Sabirova666,Latinceadam34,d7e8n,9991,9993,1.0,1.0,Equivalent
8/8/8/8/8/6K1/1R5p/6k1 b - - 3 60,TheFord,evilhamburger,h2h1n,9991,9999,0.0,0.0,Equivalent
2K5/1P3q2/2k5/8/8/5p2/8/8 w - - 5 55,Carlsen_brat,Sankalp1760,b7b8n,-9996,-9999,0.0,0.0,Equivalent
8/3P1kP1/4nP2/p1p1PK2/PpP5/1P6/8/8 w - - 1 71,winx_m,Kazmin_Semyon,g7g8n,928,9995,0.9626,1.0,Equivalent
8/6k1/2r3n1/6P1/4NPK1/8/7p/8 b - - 1 61,Pizza_37,Farid_Namazov,h2h1n,-418,-9996,0.812,1.0,Style / Flex
K7/1P6/8/1R6/4k3/8/8/6r1 w - - 7 82,cinder-bot,odonata-bot,b7b8n,10,1057,0.5087,0.9759,Blunder
8/8/R7/8/8/6K1/7p/6k1 b - - 3 61,TomasSosa,DMD07,h2h1n,9992,9999,0.0,0.0,Equivalent
8/p5pp/B3pp2/8/4bP1k/P6P/3Qp3/2R3K1 b - - 1 40,akob24,Crazy_Lemon_Grass,e2e1n,9993,9993,0.0,0.0,Equivalent
8/4KP2/8/8/5k2/8/8/8 w - - 0 79,cinder-bot,Weiawaga,f7f8n,29,9992,0.5254,1.0,Blunder
8/PR5P/8/5k2/7r/4K3/5p2/8 b - - 2 63,sometimese4,LichForLabs,f2f1n,639,586,0.0965,0.114,Equivalent
3q4/1P4p1/2K3k1/2p2p2/8/8/8/8 w - - 0 55,LichForLabs,efourwhitewins,b7b8n,-1099,-9989,0.0209,0.0,Equivalent
8/4PK2/8/3k4/4r3/8/8/8 w - - 3 84,Lenya228_BOT,ArasanX,e7e8n,-26,0,0.4773,0.5,Equivalent
8/r6Q/kppN2P1/3bB2B/3P4/4R1K1/1p3P2/8 b - - 1 60,Euwe-chess-engine,bot64jaques,b2b1n,1200,9999,0.0148,0.0,Equivalent
8/4kp2/2P1p3/1b2P2p/5P2/1p3R2/1r2pK2/2R5 b - - 0 40,PZChessBot,magnusglad_bot,e2e1n,-413,-405,0.8093,0.8049,Equivalent
8/1p6/p7/P7/4np2/6k1/7p/6BK b - - 1 100,InanisBot,Lynx_BOT,h2g1n,-9996,-9996,1.0,1.0,Equivalent
5Q2/8/8/3k4/5P2/6K1/1r5p/8 b - - 0 87,FinalSpot,BiletskiyDanylo,h2h1n,451,523,0.171,0.1382,Equivalent
r7/3P4/4k2p/8/8/r6p/p1R1K2P/R7 w - - 4 52,ArasanX,Matrioshka_brain,d7d8n,0,0,0.5,0.5,Equivalent
8/5P2/4k3/2b5/5K2/8/8/8 w - - 1 92,Nick210377,SandraLynn,f7f8n,0,0,0.5,0.5,Equivalent
8/3P4/2k4p/4Rp2/5p1p/5P1P/rp1r4/2q1R2K w - - 0 77,RavenEngine,CPU2002,d7d8n,-9993,-9993,0.0,0.0,Equivalent
6r1/p1pbP3/3k1p1n/2p5/2p2N1K/P1P5/1P3B2/4R3 w - - 15 54,SaxtonEngine,MateWithRook_SF17DEV,e7e8n,-57,-70,0.4503,0.4391,Equivalent
6r1/PK1k4/8/B1pP1pp1/P2bnp1p/7P/R3R1P1/8 w - - 3 61,bot64jaques,CPU2002,a7a8n,286,157,0.7313,0.634,Brilliant
8/1PK5/8/8/4k3/8/8/8 w - - 1 66,cinder-bot,odonata-bot,b7b8n,20,9990,0.5175,1.0,Blunder
8/8/8/6p1/4k3/8/3r2pK/1R6 b - - 13 129,PZChessBot,SaxtonEngine,g2g1n,-13,-3,0.5114,0.5026,Equivalent
5k1K/7P/8/8/1p6/1B6/3p4/8 b - - 1 66,cinder-bot,YukariBot,d2d1n,719,9986,0.0747,0.0,Optimal
6r1/2PP4/3Nk3/p7/1p6/1P1R4/P6q/3K4 w - - 23 59,Weiawaga,Lynx_BOT,d7d8n,-25,-9999,0.4781,0.0,Brilliant
3b4/2pk1P2/ppn1q2p/8/PP1p2Q1/8/2PB4/5RK1 w - - 1 46,Lynx_BOT,Nakshatra3,f7f8n,1007,-9,0.9714,0.4921,Brilliant
8/3r1P2/6k1/Pp4Np/1P2K2P/6P1/5P2/8 w - - 0 81,Euwe-chess-engine,bot64jaques,f7f8n,9992,9990,1.0,1.0,Equivalent
6Q1/p1k5/1p2B3/4P3/1P1K4/P7/5p2/8 b - - 0 45,Viktor_Ten,AntiberserkM,f2f1n,9999,9999,0.0,0.0,Equivalent
8/1p2Pk2/1p4p1/8/5p2/3p3b/2r5/1K6 w - - 1 42,destroylevel,nickVet,e7e8n,-9997,-9997,0.0,0.0,Equivalent
6k1/4R3/p7/P4P2/6K1/Bp6/1P2p3/8 b - - 1 49,Novozhilov_Semyon,gmlectures,e2e1n,9994,9994,0.0,0.0,Equivalent
4K3/r4P2/4k3/8/8/P7/8/8 w - - 3 68,Lenya228_BOT,Moment-That-Inspires,f7f8n,-46,-9999,0.4598,0.0,Brilliant
1qr1r3/1b1npPkp/pp4p1/2n5/2Pb4/1PN1Q1PP/PB4B1/3R1RK1 w - - 1 21,MothToTheFlame,jshutzman,f7e8n,608,-341,0.8936,0.2326,Brilliant
8/8/8/8/8/5K1k/5Qp1/8 b - - 31 84,Novozhilov_Semyon,ShellingFord92,g2g1n,9998,9998,0.0,0.0,Equivalent
8/8/8/8/8/3K4/R3p3/3k4 b - - 5 61,odonata-bot,PZChessBot,e2e1n,35,9999,0.4694,0.0,Brilliant
2r5/4P1kp/2rN2p1/8/pp6/5R1P/2P3P1/2K5 w - - 1 36,Nikitosikbot_v2,SaxtonEngine,e7e8n,185,6,0.6564,0.5052,Brilliant
3K1n2/P7/4k3/8/8/8/8/7b w - - 12 69,bot_adario,MateWithRook_SF17DEV,a7a8n,-9982,-9985,0.0,0.0,Equivalent
q5r1/1R1P3k/3PP1p1/7p/7P/p3Q1PB/P4P2/6K1 w - - 1 41,YukariBot,simpleEval,d7d8n,1088,1222,0.9783,0.9863,Equivalent
8/8/8/4Bp2/2k1bPpK/p1n5/1p6/8 b - - 3 65,average-israeli,MassterofMayhem,b2b1n,-1069,-9992,0.9768,1.0,Equivalent
8/8/8/4Bp2/2k1bPpK/2n5/p7/1n6 b - - 1 67,average-israeli,MassterofMayhem,a2a1n,-955,-1205,0.9659,0.9855,Equivalent
1B6/8/8/5p1K/2k1bP2/2n2n2/2n3p1/8 b - - 1 73,average-israeli,MassterofMayhem,g2g1n,-878,-9996,0.9558,1.0,Equivalent
5n2/1P6/2k3p1/3NKp1p/5P2/6PP/8/8 w - - 1 68,cinder-bot,odonata-bot,b7b8n,565,440,0.8784,0.8235,Optimal
8/8/8/8/8/3K4/5kp1/1R6 b - - 5 110,PZChessBot,Shocky_BOT,g2g1n,37,0,0.4677,0.5,Equivalent
5bk1/1p5p/2q3pP/2p1B3/2Pp4/pP4RQ/P3p3/5RK1 b - - 0 40,CruelKen,pawn_git,e2f1n,445,454,0.174,0.1695,Equivalent
8/1k5P/1P6/P4R2/6N1/4P1P1/5P2/6K1 w - - 1 58,Keanu_Greaves,Sam_Master,h7h8n,9993,9997,1.0,1.0,Equivalent
7N/5PP1/kP6/P1R5/4N3/4P3/8/6K1 w - - 1 71,Keanu_Greaves,Sam_Master,f7f8n,9997,9999,1.0,1.0,Equivalent
5N1N/4P1P1/kP6/P1R5/8/8/3N4/6K1 w - - 1 77,Keanu_Greaves,Sam_Master,e7e8n,9997,9999,1.0,1.0,Equivalent
5N1N/6P1/kP3N2/P1R5/8/8/3N4/6K1 w - - 3 79,Keanu_Greaves,Sam_Master,g7g8n,9996,9998,1.0,1.0,Equivalent
8/1P6/8/1K1k4/5bB1/8/8/8 w - - 2 112,InanisBot,CPU2006,b7b8n,4,3,0.5035,0.5026,Equivalent
r6k/4R2p/pp2r3/2p2Q1N/2Pb2P1/1P5P/P3p2K/5R2 b - - 0 33,Ghovat37,IAmMateCheckMate,e2f1n,97,9999,0.4159,0.0,Brilliant
8/8/1k6/8/1p1N3r/3K4/2p5/6R1 b - - 1 84,ChessatronBot,CPU2006,c2c1n,13,20,0.4886,0.4825,Equivalent
3B4/1k2P3/8/1K3n2/8/8/8/8 w - - 1 122,FataliiBot,InanisBot,e7e8n,26,16,0.5227,0.514,Equivalent
4R3/8/8/8/3k4/8/3p1K2/8 b - - 3 78,Chalenger2030,lanturn17,d2d1n,9,412,0.4921,0.1912,Brilliant
5K2/8/8/6k1/8/3N4/2p5/8 b - - 1 68,SaxtonEngine,cinder-bot,c2c1n,-1,0,0.5009,0.5,Equivalent
8/1P6/4R3/K7/P7/8/k7/8 w - - 1 101,cinder-bot,odonata-bot,b7b8n,9991,9997,1.0,1.0,Equivalent
8/6B1/8/3k4/8/b7/1pK5/8 b - - 1 77,Amati17,Kartochnik,b2b1n,-15,0,0.5131,0.5,Equivalent
1Q6/8/5K1p/2p4k/2P3p1/2P3P1/p7/8 b - - 0 48,LordMustard,Sanamente,a2a1n,9999,9999,0.0,0.0,Equivalent
5n2/3P4/8/2K5/5k2/8/6B1/8 w - - 1 72,ArasanX,mayhem23111,d7d8n,14,14,0.5122,0.5122,Equivalent
2B5/P7/3K4/8/5k2/8/8/8 w - - 1 71,cinder-bot,pawn_git,a7a8n,189,9994,0.6596,1.0,Style / Flex
8/8/8/8/8/2QK4/p7/1k6 b - - 3 75,ArasanX,Euwe-chess-engine,a2a1n,9996,9999,0.0,0.0,Equivalent
3b4/6pp/4k3/3p1p2/6r1/5nBK/4p2P/8 b - - 5 52,OpeningsBot,Shocky_BOT,e2e1n,-9999,-9998,1.0,1.0,Equivalent
3R4/PPP2k1P/8/8/1B6/5PR1/5K2/8 w - - 1 58,seawolf667,Tactician_01,a7a8n,9997,9997,1.0,1.0,Equivalent
N2R4/1PP4P/4k3/8/1B6/5PR1/5K2/8 w - - 1 59,seawolf667,Tactician_01,b7b8n,9997,9998,1.0,1.0,Equivalent
NN1R4/2P2k1P/8/8/1B6/5PR1/5K2/8 w - - 1 60,seawolf667,Tactician_01,c7c8n,9997,9998,1.0,1.0,Equivalent
8/1P1nk1p1/7p/4p3/1P1pb3/8/5PPP/2R2K2 w - - 0 37,hardmovess,Ronnie_Sullivan,b7b8n,-265,-259,0.2834,0.2877,Equivalent
3K4/4P3/8/8/3k4/1B2R3/5P2/8 w - - 25 59,TheUnrealPietzsch,Attila76,e7e8n,9989,9997,1.0,1.0,Equivalent
8/3Pb2p/4k3/7P/6p1/p5P1/K7/8 w - - 1 52,SaxtonEngine,DarkOnBot,d7d8n,-561,-786,0.1231,0.06,Optimal
r7/2PQBpk1/4p1p1/4P2p/2q2P1P/4K1P1/3p4/8 b - - 1 44,CuzImBetter,Alleks1000,d2d1n,-484,-486,0.8447,0.8457,Equivalent
6K1/r6P/6k1/8/8/8/8/8 w - - 3 67,FastCavalier,Gyalog75,h7h8n,-9991,-9999,0.0,0.0,Equivalent
5k2/8/3bRp2/7q/p2P4/2P2N2/P4K1p/4R3 b - - 3 54,odonata-bot,ArasanX,h2h1n,-256,-174,0.7101,0.6477,Brilliant
8/5P2/7R/8/4R3/8/5kPK/8 w - - 1 61,Wolpertingerwelpe,Alfilparanoico,f7f8n,9999,10000,1.0,1.0,Equivalent
5N2/6P1/8/8/4R3/7R/5k1K/8 w - - 1 67,Wolpertingerwelpe,Alfilparanoico,g7g8n,9999,9999,1.0,1.0,Equivalent
1n6/p2P4/8/8/3K4/8/5k2/1B6 w - - 1 100,Dragon-Komodo,DarkOnBot,d7d8n,19,-21,0.5166,0.4816,Equivalent
6B1/4P1k1/8/P4p2/5P1p/6nP/6PK/2r5 w - - 0 51,soyelPUT0ESCANOR,Aborigen100500,e7e8n,-9998,-9999,0.0,0.0,Equivalent
2R1Q3/5p2/4p3/p2kP3/3P4/5KP1/r3p3/8 b - - 5 50,Proward05,nezburaz,e2e1n,639,9999,0.0965,0.0,Optimal
8/PP6/8/2N2k2/3K4/7P/5PP1/8 w - - 1 69,kloynFedotus,Stammargg,b7b8n,9994,9997,1.0,1.0,Equivalent
1N6/P7/8/2N3k1/3K4/7P/5PP1/8 w - - 1 70,kloynFedotus,Stammargg,a7a8n,1237,9995,0.987,1.0,Equivalent
8/7P/2k3P1/5P2/6K1/2NN4/3N4/8 w - - 1 93,kloynFedotus,Stammargg,h7h8n,9994,9996,1.0,1.0,Equivalent
7N/6P1/8/k4P2/6K1/2NN4/3N4/8 w - - 1 95,kloynFedotus,Stammargg,g7g8n,9994,9997,1.0,1.0,Equivalent
2r1n3/p4Pkp/2r1p1p1/3p4/1q1P2P1/1PpR1R2/2Q2B1P/6K1 w - - 1 34,Sagitario999,mikhailtal20100,f7e8n,469,493,0.8377,0.8488,Equivalent
8/2P1k3/8/2K5/8/8/8/7r w - - 1 67,Ukraine-team-creator,Stockfish-MEDIUM,c7c8n,-37,-431,0.4677,0.1812,Brilliant
1r2n1k1/1PP4p/3P4/2K5/8/8/1P5p/8 b - - 0 58,ViejoTortuga,ArastouAmel,h2h1n,1667,0,0.0029,0.5,Blunder
6k1/8/3p4/3q4/1K1n4/8/5p2/6q1 b - - 1 75,AlveBot,PZChessBot,f2f1n,-9998,-9998,1.0,1.0,Equivalent
8/8/8/3B4/4PPP1/k5P1/1p4Kp/1B6 b - - 1 57,stay_confident,frepricot1,h2h1n,9985,9989,0.0,0.0,Equivalent
8/8/7R/8/3k4/8/1K1p4/8 b - - 0 118,mayhem23111,tomlesspit,d2d1n,0,414,0.5,0.1902,Brilliant
5k2/1P3p2/7p/1q6/p7/7P/6K1/8 w - - 0 50,bot_adario,YukariBot,b7b8n,-9993,-9993,0.0,0.0,Equivalent
8/Pb6/8/8/6k1/4K2p/4p3/4B3 w - - 0 54,DarsLock,Incike,a7a8n,-721,-1386,0.0742,0.0078,Optimal
8/4kP2/1p2p3/1Pp1p1p1/2P1P1P1/6PK/8/8 w - - 1 47,hudiniii,OliviaRodrigoFanboy,f7f8n,0,0,0.5,0.5,Equivalent
8/k7/8/8/8/8/5Kp1/5N1b b - - 0 60,mentalrepresentation,Chariteawithambition,g2f1n,0,0,0.5,0.5,Equivalent
8/8/8/8/6p1/5k2/pp1pbb2/7K b - - 1 67,Bulgash,MIGV,a2a1n,-9998,-9999,1.0,1.0,Equivalent
8/8/8/8/6p1/5k2/1p1pbb1K/n7 b - - 1 68,Bulgash,MIGV,b2b1n,-9998,0,1.0,0.5,Brilliant
8/8/8/8/6p1/5k2/3pbb2/nn5K b - - 1 69,Bulgash,MIGV,d2d1n,-9997,-9999,1.0,1.0,Equivalent
4K3/r4P2/4k3/8/8/8/8/8 w - - 5 103,Boller1910,tomlesspit,f7f8n,-35,-9999,0.4694,0.0,Brilliant
8/2p2Ppk/8/8/8/8/1pr4p/7K w - - 1 66,Euwe-chess-engine,Lynx_BOT,f7f8n,-9998,-9998,0.0,0.0,Equivalent
8/P6Q/8/6k1/1K6/1P6/8/8 w - - 1 75,cinder-bot,Weiawaga,a7a8n,9990,9998,1.0,1.0,Equivalent
N7/1P5Q/8/8/2K5/5k2/8/8 w - - 1 81,cinder-bot,Weiawaga,b7b8n,9992,9997,1.0,1.0,Equivalent
2Q5/8/8/p2k4/P5N1/8/1K3p2/8 b - - 2 63,MateWithRook_SF17DEV,Weiawaga,f2f1n,9990,9986,0.0,0.0,Equivalent
7r/1P3p2/8/8/4Pk2/5P2/6KP/8 w - - 3 57,poik4m,DeLaMaestro,b7b8n,-680,-9985,0.0847,0.0,Optimal
7k/1p1nNQ1n/p1bP4/4r3/6Pb/7P/PP3p1K/3R4 b - - 1 39,Konnov_Oleg,Malakhov_Igor,f2f1n,496,9999,0.1498,0.0,Optimal
8/5Ppk/6qp/p7/P4P2/6RP/6PK/4q3 w - - 0 46,Stockfish-MEDIUM,Nikitosikbot_v2,f7f8n,-288,-9999,0.2674,0.0,Optimal
8/6kP/8/8/8/1p6/1K6/8 w - - 1 76,ArasanX,MateWithRook_SF17DEV,h7h8n,0,0,0.5,0.5,Equivalent
8/8/8/8/8/4K3/R4p2/4k3 b - - 7 60,Weerasekara,noo_soup_for_you,f2f1n,21,9999,0.4816,0.0,Brilliant
5K2/6P1/5k2/8/8/8/r7/8 w - - 13 104,RaspFish,tomlesspit,g7g8n,-30,-9999,0.4738,0.0,Brilliant
8/6PK/5q2/7k/8/8/8/8 w - - 23 124,FataliiBot,InanisBot,g7g8n,-9996,-9999,0.0,0.0,Equivalent
8/Q1RP1rkp/4q3/4p3/4P3/7P/5pPK/8 w - - 0 47,Euwe-chess-engine,AlveBot,d7d8n,613,690,0.8952,0.918,Equivalent
1rb2k2/8/7p/1N1Pp3/2P1P3/3B4/3K1pp1/3Q1Nq1 b - - 1 41,CPU2002,PZChessBot,g2f1n,-301,-276,0.7414,0.7243,Equivalent
8/6kP/2b5/p7/8/8/2B2Kp1/8 b - - 35 147,eabjabBOT,Nimfish,g2g1n,1,6,0.4991,0.4948,Equivalent
8/8/8/8/8/3K4/R3p3/3k4 b - - 3 149,SOLIDOR59,eabjabBOT,e2e1n,8,9999,0.493,0.0,Brilliant
8/K7/8/1P6/6k1/8/7p/8 b - - 1 59,Gogoud,inoname3434,h2h1n,355,-9985,0.224,1.0,Blunder
8/P7/7K/5k1P/8/8/8/8 w - - 1 74,cinder-bot,simbelmyne-bot,a7a8n,653,9993,0.9077,1.0,Style / Flex
8/8/8/8/8/1bQ5/2p1K3/1k1r4 b - - 3 111,ArasanX,Moment-That-Inspires,c2c1n,-29,0,0.5254,0.5,Equivalent
8/8/p7/P5N1/5K1k/2P5/6p1/8 b - - 1 57,freedomfighter1234,wblodw,g2g1n,818,981,0.054,0.0313,Equivalent
2Q5/3P1k2/2K2P2/4qb2/1p4pp/8/6P1/8 w - - 0 52,poik4m,antony50,d7d8n,-631,-723,0.099,0.0737,Equivalent
8/1BP3R1/1n1k4/2r5/4P3/3K4/8/8 w - - 49 81,Dragon-Komodo,eabjabBOT,c7c8n,39,39,0.5341,0.5341,Equivalent
3R4/5N2/n1kP1Bp1/5p2/8/1p6/1Pp1KP1P/8 b - - 0 43,Euwe-chess-engine,eggnog-chess-engine,c2c1n,739,815,0.07,0.0546,Equivalent
8/1P5R/2k5/K7/8/8/3r4/8 w - - 15 65,ArasanX,mayhem23111,b7b8n,4,3,0.5035,0.5026,Equivalent
4r2k/1q4bp/1r1p2p1/1P1R1p2/5P2/3Q1PPP/4p2K/4RB2 b - - 1 30,dadragonwarrior,Chu-do,e2f1n,-297,26,0.7388,0.4773,Brilliant
4Q3/2P5/1P6/3K4/8/8/5k2/8 w - - 1 71,cinder-bot,odonata-bot,c7c8n,9995,9998,1.0,1.0,Equivalent
2N1Q3/1P6/8/3K4/8/8/5k2/8 w - - 1 73,cinder-bot,odonata-bot,b7b8n,9993,9998,1.0,1.0,Equivalent
8/8/8/8/1p6/p3k3/5r1p/2K5 b - - 1 77,ChessTheBig12,KAVO_LIDER,h2h1n,-9998,-10000,1.0,1.0,Equivalent
8/8/8/2n5/8/3k4/pp1r4/6K1 b - - 1 93,ChessTheBig12,KAVO_LIDER,a2a1n,-9999,-10000,1.0,1.0,Equivalent
8/8/8/2n5/8/3k4/1p1r4/n4K2 b - - 1 94,ChessTheBig12,KAVO_LIDER,b2b1n,-9995,-10000,1.0,1.0,Equivalent
8/P7/2p5/2k4P/8/4p3/8/3K4 w - - 1 69,ToromBot,OlympusCz,a7a8n,604,9993,0.8923,1.0,Style / Flex
8/8/8/5K2/5n2/8/2p5/1k1r4 b - - 3 89,pawn_git,cinder-bot,c2c1n,-471,-9996,0.8387,1.0,Style / Flex
3r4/2qPP1kp/5pp1/8/3Q1P2/7P/6PK/8 w - - 1 48,Burjugul_7,Elfugitivo,e7e8n,9989,9982,1.0,1.0,Equivalent
8/2P1k3/1K6/1b1R4/8/8/1r6/8 w - - 0 74,daniel_chessbot,Lynx_BOT,c7c8n,25,-1,0.5219,0.4991,Equivalent
8/5p2/8/8/6P1/1k2N3/2pK4/8 b - - 3 55,eNErGyOFbEiNGbOT,YukariBot,c2c1n,553,574,0.1261,0.1183,Equivalent
3K4/2P2r2/3k4/8/8/8/8/8 w - - 1 98,ToromBot,LeelaChessTest,c7c8n,-26,-9999,0.4773,0.0,Brilliant
5b2/ppk1PP2/5Q2/1b1p4/3P4/2PN4/2qBKP2/8 w - - 1 29,filolog,ixci,e7e8n,579,0,0.8836,0.5,Brilliant
r4k2/1p2qp1p/2n2np1/p3P1Q1/2P4P/PP1r4/1B2Kp2/R5R1 b - - 1 22,DMD07,Lavretzkij_Roman,f2g1n,-575,-731,0.8821,0.9281,Equivalent
1k2rr2/3P4/1q6/2p1p1p1/Pp2Qp1p/3P1P1P/1R4P1/6K1 w - - 0 45,FireTorchV2,XShashX,d7e8n,-20,-37,0.4825,0.4677,Equivalent
7k/r3q2p/2p2Nb1/7P/3P1Q2/Pp3P2/1p1K4/6R1 b - - 1 32,MiroulLaSurie,stuwdrey,b2b1n,-357,-320,0.7772,0.754,Equivalent
2K5/1P5r/2k5/8/8/8/8/8 w - - 3 62,lyxxj,DrKerfuffle,b7b8n,-18,-9999,0.4843,0.0,Brilliant
8/8/8/8/1PK2k2/8/6p1/8 b - - 1 59,SaxtonEngine,cinder-bot,g2g1n,31,-9989,0.4729,1.0,Blunder
8/2P5/3kb2p/8/1p1K2P1/7P/8/8 w - - 1 60,pawn_git,cinder-bot,c7c8n,-665,-679,0.0889,0.085,Equivalent
5r2/2P1k3/8/4P3/R7/3K4/5p2/8 w - - 0 69,RaspFish,tomlesspit,c7c8n,-7,-9988,0.4939,0.0,Brilliant
8/6Pk/8/2K5/7P/8/8/8 w - - 1 49,Nikitosik-ai,XShashX,g7g8n,1,0,0.5009,0.5,Equivalent
8/8/1p5k/p1r5/8/1K3p2/3p4/8 b - - 1 55,El_Papi_Joshe,VenecoReyGatuno,d2d1n,-9995,-9997,1.0,1.0,Equivalent
8/8/1p5k/p1r5/8/1K6/5p2/3n4 b - - 1 57,El_Papi_Joshe,VenecoReyGatuno,f2f1n,-9996,-9997,1.0,1.0,Equivalent
8/5Q2/8/p2p2k1/P1pB2n1/2P3K1/5p2/8 b - - 1 57,Matrioshka_brain,YukariBot,f2f1n,9995,9995,0.0,0.0,Equivalent
8/4k1p1/p7/1p2p2P/4Pr2/2P1K3/1P3pB1/8 b - - 2 37,rhegz,ViennaDragon,f2f1n,-635,-724,0.9023,0.9265,Equivalent
4R3/2k5/8/8/4p2P/4N1K1/3p1PP1/4q3 b - - 9 44,eabjabBOT,duchessAI,d2d1n,-22,0,0.5192,0.5,Equivalent
8/5k2/8/3KP3/8/8/1p6/8 b - - 1 72,simbelmyne-bot,cinder-bot,b2b1n,0,-9991,0.5,1.0,Blunder
8/Pk6/8/P1P2P2/7b/4p3/8/3K4 w - - 1 48,duchessAI,eabjabBOT,a7a8n,53,18,0.5462,0.5157,Equivalent
7R/8/8/1rk5/8/8/K1p5/8 b - - 63 125,duchessAI,Licht94,c2c1n,-30,0,0.5262,0.5,Equivalent
r7/pkpP1N1r/1pn3p1/8/2Pp1PP1/1P6/P7/3R1RK1 w - - 1 26,PZChessBot,bot_adario,d7d8n,76,112,0.5661,0.5968,Equivalent
b5r1/2qknp1P/p1n1p3/1p1pP3/5P2/P1p5/2P1N1P1/1RB1KB1R w K - 1 19,duchessAI,eabjabBOT,h7g8n,-18,-19,0.4843,0.4834,Equivalent
8/8/8/8/6N1/4Kp2/3p2p1/7k b - - 5 73,Racingbottles,KhatanbaatarGM,d2d1n,-615,-9980,0.8959,1.0,Style / Flex
8/3P1k2/1p4p1/1P6/8/2Q4p/q6P/6K1 w - - 3 59,pawn_git,cinder-bot,d7d8n,15,-9999,0.5131,0.0,Brilliant
8/P1n5/1k4p1/4P1P1/2K5/8/8/8 w - - 1 84,CPU2002,CPU1998,a7a8n,0,0,0.5,0.5,Equivalent
8/8/8/8/3kp3/5pbp/2p1p3/7K b - - 1 64,Tartiflette-Sauvage,cow-lover,c2c1n,-9999,-10000,1.0,1.0,Equivalent
8/8/8/8/3kp3/5pbp/4p3/2n3K1 b - - 1 65,Tartiflette-Sauvage,cow-lover,e2e1n,-9997,-10000,1.0,1.0,Equivalent
8/8/8/8/3k4/3n1pbp/4p3/2n3K1 b - - 1 69,Tartiflette-Sauvage,cow-lover,e2e1n,-9997,-10000,1.0,1.0,Equivalent
8/2q3pp/2nN1p2/k1P1p3/P1Qn4/3K1P2/2p2P1P/8 b - - 1 37,Sasha_Trusova,Toro123,c2c1n,-525,-543,0.8627,0.8699,Equivalent
1R6/PPP3PP/8/8/8/8/1k6/7K w - - 1 59,Training22667121,Grrriii12,a7a8n,9996,9997,1.0,1.0,Equivalent
N1R5/1PP3PP/8/8/8/8/8/3k3K w - - 3 61,Training22667121,Grrriii12,b7b8n,9995,9997,1.0,1.0,Equivalent
NN1R4/2P3PP/8/8/8/8/8/1k5K w - - 3 63,Training22667121,Grrriii12,c7c8n,9996,9997,1.0,1.0,Equivalent
NNNR4/6PP/8/8/8/8/8/2k4K w - - 1 64,Training22667121,Grrriii12,g7g8n,9995,9997,1.0,1.0,Equivalent
8/5P2/8/2NK4/3P4/1R6/3k4/8 w - - 1 78,SmashTimeFools,Tartiflette-Sauvage,f7f8n,9993,9997,1.0,1.0,Equivalent
5N2/3P4/2K5/2N5/8/1R6/4k3/8 w - - 1 83,SmashTimeFools,Tartiflette-Sauvage,d7d8n,9994,9998,1.0,1.0,Equivalent
1Q6/3K4/R7/8/8/5k2/7p/8 b - - 1 70,cinder-bot,simbelmyne-bot,h2h1n,9993,9993,0.0,0.0,Equivalent
5K2/1r4P1/5k2/5P2/8/8/8/8 w - - 1 68,PZChessBot,CPU2002,g7g8n,-44,-9999,0.4616,0.0,Brilliant
8/8/p7/P7/8/3Kp3/5kp1/R7 b - - 3 65,ToromBot,ArasanX,g2g1n,0,0,0.5,0.5,Equivalent
8/8/6K1/8/4N3/8/3pk3/8 b - - 0 165,Euwe-chess-engine,daniel_chessbot,d2d1n,-8,0,0.507,0.5,Equivalent
8/2k1P2p/3r4/4Q3/8/3p4/6PP/5B1K w - - 0 46,QuCaNi,skunk_point,e7e8n,9994,9998,1.0,1.0,Equivalent
8/bB4P1/P4P2/k1pKP3/2P5/8/8/8 w - - 3 70,BlancAile1818,Sheikhshark,g7g8n,1263,9993,0.9881,1.0,Equivalent
8/6kP/8/8/8/5K2/8/8 w - - 1 87,cinder-bot,odonata-bot,h7h8n,0,0,0.5,0.5,Equivalent
8/8/8/8/8/3K4/2p4R/3k4 b - - 3 112,simbelmyne-bot,PZChessBot,c2c1n,16,9999,0.486,0.0,Brilliant
1b6/8/8/8/1N4K1/8/4pk2/8 b - - 91 119,DarkOnBot,ArasanX,e2e1n,-25,0,0.5219,0.5,Equivalent
8/B6R/2k4p/4Q3/8/5K1P/2P3p1/8 b - - 1 65,daniel_chessbot,InanisBot,g2g1n,9998,9999,0.0,0.0,Equivalent
6r1/R7/8/5k2/8/8/5p1K/8 b - - 13 102,TestBotL20,ayodia,f2f1n,-40,0,0.5349,0.5,Equivalent
2k5/8/8/4K3/8/8/2p5/8 b - - 1 69,pawn_git,cinder-bot,c2c1n,-1,-9991,0.5009,1.0,Blunder
8/8/8/2r2p1p/6pK/8/4pk2/8 b - - 1 65,Arkenmeister2025,KhatanbaatarGM,e2e1n,-9993,-9996,1.0,1.0,Equivalent
8/8/8/2r4p/5K2/8/5kp1/4n3 b - - 1 69,Arkenmeister2025,KhatanbaatarGM,g2g1n,-9996,-9999,1.0,1.0,Equivalent
8/8/8/2r5/7K/8/5k1p/4n1n1 b - - 1 73,Arkenmeister2025,KhatanbaatarGM,h2h1n,-9997,-9999,1.0,1.0,Equivalent
8/8/8/8/4k2p/6pP/r3ppK1/4R3 b - - 1 76,pawn_git,Ukraine-team-creator,f2e1n,-9998,0,1.0,0.5,Brilliant
R7/8/8/8/8/1kp5/p1p5/2K5 b - - 1 60,DenQ,erva20,a2a1n,473,425,0.1604,0.1843,Equivalent
8/5k2/3R1P2/8/8/4K3/3p1r2/8 b - - 3 62,fritzwalter,balelovale,d2d1n,-6,0,0.5052,0.5,Equivalent
8/8/8/8/8/1pppk2p/p5p1/3K4 b - - 1 86,trying3000,blindcrocodile,a2a1n,-9999,-10000,1.0,1.0,Equivalent
8/8/8/8/8/2ppk2p/1p4p1/n2K4 b - - 1 88,trying3000,blindcrocodile,b2b1n,-9999,-10000,1.0,1.0,Equivalent
8/8/8/8/8/nnppk3/6pp/3K4 b - - 1 92,trying3000,blindcrocodile,g2g1n,-9998,-10000,1.0,1.0,Equivalent
4r3/rP5k/N1P3p1/5p1p/2B1pn2/7P/6P1/4R2K w - - 1 44,Fade_To_Grey,Jianfenglanhuanghua9,b7b8n,82,404,0.5713,0.8044,Blunder
8/p1q1P1kp/b1N2bp1/P2Qp2n/B1p5/7P/1r4P1/2R4K w - - 2 29,SouthAfricanWolf,HomaBiorKro,e7e8n,435,324,0.8209,0.7566,Optimal
7K/1p3kP1/2p2n2/1p6/1P6/P1P5/8/8 w - - 7 49,emiliooo,Ordekalog,g7g8n,-9991,-9991,0.0,0.0,Equivalent
8/8/8/1p1b1p2/6k1/P4pP1/1PNp1K2/8 b - - 1 45,pupilochess86,adaajah_ah,d2d1n,-988,-10,0.9695,0.5087,Brilliant
8/4k1P1/8/6K1/2B5/r7/8/8 w - - 15 148,Euwe-chess-engine,eggnog-chess-engine,g7g8n,11,0,0.5096,0.5,Equivalent
8/1p1P1k1p/p7/6Q1/1Pr1P3/P1N2pPq/5n1P/3R2K1 w - - 3 33,avocado_s_kostochkoy,Max13041982,d7d8n,9997,-9999,1.0,0.0,Brilliant
8/8/8/2K5/8/6Q1/4k1p1/8 b - - 9 74,Nikitosik-ai,GlueWinner,g2g1n,9991,9992,0.0,0.0,Equivalent
8/6P1/3K1B1k/5Q2/8/8/8/8 w - - 5 71,Nikitosik-ai,GlueWinner,g7g8n,10000,0,1.0,0.5,Brilliant
8/6R1/8/8/4N1K1/8/7p/4nk2 b - - 9 78,cinder-bot,simbelmyne-bot,h2h1n,118,259,0.3982,0.2877,Brilliant
8/3k1P2/4n3/7K/8/8/8/5R2 w - - 9 65,Nikitosik-ai,Ukraine-team-creator,f7f8n,401,1168,0.8027,0.9835,Style / Flex
8/8/8/p2K4/Pb6/5k2/6p1/8 b - - 1 55,Ilikeknightmost,vistagusta,g2g1n,-737,-9994,0.9295,1.0,Style / Flex
8/6P1/5K2/2k5/8/8/8/8 w - - 1 77,cinder-bot,YukariBot,g7g8n,11,9993,0.5096,1.0,Blunder
b7/2k1P2p/P2q3r/2br2p1/6Q1/5P2/6PP/R3R2K w - - 1 31,Rekcirts,dedyka,e7e8n,540,-9999,0.8688,0.0,Brilliant
3K4/8/6k1/8/5p2/8/5p2/R7 b - - 1 102,MayhemPI_cluster,Nikitosik-ai,f2f1n,0,0,0.5,0.5,Equivalent
8/5pk1/3qr2p/1p1p2p1/p2P2P1/P1P1r1PP/1P2pQ1K/5RRB b - - 0 45,FataliiBot,Euwe-chess-engine,e2f1n,-561,-587,0.8769,0.8864,Equivalent
2b2r2/1p5k/2p3pp/2Pp4/1R1P2P1/1P3QNP/1P2pPK1/8 b - - 0 35,Yakudza011,filolog,e2e1n,-463,661,0.8349,0.09,Brilliant
1r6/4Pkp1/2n3p1/7p/N6P/4R3/1P4K1/8 w - - 1 52,tomlesspit,BOTshubham,e7e8n,-8,-15,0.493,0.4869,Equivalent
8/P1k5/2P4p/2KP2pP/2B3P1/8/8/3r4 w - - 1 69,KhatanbaatarGM,okriak,a7a8n,1056,9997,0.9758,1.0,Equivalent
8/7P/6k1/8/p7/P1K5/8/8 w - - 1 79,Nikitosik-ai,PetersBot,h7h8n,465,9984,0.8358,1.0,Style / Flex
1R6/4Ppkp/5bp1/8/3rpP2/2P5/6PP/6K1 w - - 0 33,S4tD008,WhiteBoader,e7e8n,497,661,0.8506,0.91,Style / Flex
1K6/P7/3n4/2q5/5k2/8/8/8 w - - 8 87,FireTorchV2,OlympusCz,a7a8n,-9998,-9998,0.0,0.0,Equivalent
8/1p1P3P/kB2P1P1/P4P2/8/8/8/6K1 w - - 1 65,Dubliverjochoppet,xander_01,h7h8n,9994,9998,1.0,1.0,Equivalent
7N/1p1P2P1/kB2P3/P4P2/8/8/8/6K1 w - - 1 67,Dubliverjochoppet,xander_01,g7g8n,9994,9997,1.0,1.0,Equivalent
6NN/1p1P1P2/1B2P3/Pk6/8/8/8/6K1 w - - 1 70,Dubliverjochoppet,xander_01,f7f8n,9994,9997,1.0,1.0,Equivalent
5NNN/1p1PP3/1B6/Pk6/8/8/8/6K1 w - - 1 72,Dubliverjochoppet,xander_01,e7e8n,9994,9996,1.0,1.0,Equivalent
4NNNN/1p1P4/kB6/P7/8/8/8/6K1 w - - 1 73,Dubliverjochoppet,xander_01,d7d8n,9990,9998,1.0,1.0,Equivalent
8/P7/1B6/2NN4/2NN4/2K5/k2N4/8 w - - 7 101,Dubliverjochoppet,xander_01,a7a8n,9998,10000,1.0,1.0,Equivalent
8/2P3r1/P7/2bB4/4p3/8/3k4/5K2 w - - 1 74,YukariBot,ToromBot,c7c8n,-9999,-9999,0.0,0.0,Equivalent
8/8/8/3p4/r2k4/5B2/p4K2/2R5 b - - 3 55,concentrat,kasparik_garik,a2a1n,-20,-464,0.5175,0.8353,Blunder
8/8/8/1p3kn1/1P1bp3/7p/4K1p1/8 b - - 3 59,olborg,ChesterF,g2g1n,-9995,-9997,1.0,1.0,Equivalent
8/1r3ppk/8/8/7P/2N2KP1/1p6/8 b - - 1 51,DR_speedrun_2700,Cloud_ec,b2b1n,-536,-686,0.8672,0.9169,Equivalent
8/8/8/8/8/p1K2B2/7p/6k1 b - - 5 77,MateWithRook_SF17DEV,ArasanX,h2h1n,-2,0,0.5017,0.5,Equivalent
8/8/8/8/4R3/2K5/1p6/2k5 b - - 5 78,fornax-engine,AkuBot,b2b1n,34,9999,0.4703,0.0,Brilliant
5Q2/6KP/8/3k4/3n4/8/8/8 w - - 1 77,cinder-bot,simbelmyne-bot,h7h8n,-11,9990,0.4904,1.0,Blunder
8/1P1k1p2/5p1p/1K2p3/4P3/p7/R4PPP/2r5 w - - 3 36,alexcoach,Iren_ahahah,b7b8n,314,0,0.7501,0.5,Brilliant
4B3/2k2PQ1/3N4/3K2P1/8/8/8/8 w - - 1 65,Aleator009,trying3000,f7f8n,9998,9998,1.0,1.0,Equivalent
8/2P5/3R4/1k4Bp/3P3P/5PK1/2r3P1/8 w - - 1 55,HoppingHippo2232953,HelloItsDmitri,c7c8n,682,703,0.9158,0.9213,Equivalent
8/8/2p5/1PP5/8/P3nk2/5rpK/8 b - - 1 50,xander_01,KAVO_LIDER,g2g1n,-9997,-9998,1.0,1.0,Equivalent
8/p4P1k/1b1B4/3B3p/4R3/6PK/1Pr2r1P/8 w - - 1 32,xander_01,orhanilu,f7f8n,344,-9999,0.7692,0.0,Brilliant
2r3k1/p1r2p1p/4p1p1/4P3/4BP2/b5PP/q1p1QB1K/7R b - - 1 31,chess-art-us,rasulovvugar,c2c1n,-570,-475,0.8803,0.8406,Equivalent
8/2k1P2p/2p3p1/4K3/3P4/7R/7P/5r2 w - - 1 47,LavishChess,Lerno1957,e7e8n,359,18,0.7784,0.5157,Brilliant
8/5k2/4b3/4R3/8/5PN1/4PK1p/2r5 b - - 1 83,AkuBot,InanisBot,h2h1n,-7,2,0.5061,0.4983,Equivalent
8/1p2Pkpp/p2K4/3P2P1/8/8/8/3r4 w - - 1 45,GlueWinner,CPU2002,e7e8n,-816,-957,0.0544,0.0339,Equivalent
4b3/1P6/4PR2/8/3N4/4K1k1/8/8 w - - 1 48,miki_train,Strelok2222,b7b8n,879,9997,0.9559,1.0,Equivalent
8/4P3/8/4N3/3NK3/8/5R2/3k4 w - - 9 59,miki_train,Strelok2222,e7e8n,9997,9998,1.0,1.0,Equivalent
8/r1P4R/3k1p2/3p4/8/2K1P1P1/5P2/8 w - - 0 47,DanyMany,Ertugal,c7c8n,822,635,0.9467,0.9023,Equivalent
5r2/p5Pk/1pb4p/2p5/P1B1p3/1P5q/1BP3PP/5RK1 w - - 1 31,PANGLIMABORAT,gouyidi,g7f8n,10000,9997,1.0,1.0,Equivalent
8/5n2/2k5/3pBP2/3P2B1/4b3/6Kp/8 b - - 0 72,Lynx_BOT,bot_adario,h2h1n,3,5,0.4974,0.4956,Equivalent
2r5/5KP1/8/7k/8/8/8/8 w - - 3 76,CruelKen,RaspFish,g7g8n,-8,0,0.493,0.5,Equivalent
3rrknR/5pp1/p2q4/7Q/P1pP4/2P2BP1/4pPK1/7R b - - 3 33,GrandByniolus,Abdurrahim_Tulegenov,e2e1n,92,9993,0.4202,0.0,Brilliant
8/8/8/8/8/4pbk1/7p/5K2 b - - 1 70,SlavyWall,Tudududu129,h2h1n,-9996,-10000,1.0,1.0,Equivalent
rr2n1k1/3RQpp1/7p/4p1P1/4P2P/2P1N3/qpNK4/5R2 b - - 3 30,Nikitosikbot_v2,OlympusCz,b2b1n,132,9991,0.3865,0.0,Brilliant
8/8/8/8/8/3K4/R3p3/3k4 b - - 3 68,duchessAI,OlympusCz,e2e1n,16,9999,0.486,0.0,Brilliant
8/P5P1/8/8/5K2/5P2/3Q4/1k6 w - - 1 71,alkash007,TrainedGrinder,g7g8n,9998,9999,1.0,1.0,Equivalent
6N1/P7/8/8/5K2/5P2/3Q4/k7 w - - 1 72,alkash007,TrainedGrinder,a7a8n,9997,9999,1.0,1.0,Equivalent
N5N1/5P2/8/8/4K3/8/3Q4/k7 w - - 1 78,alkash007,TrainedGrinder,f7f8n,9997,9999,1.0,1.0,Equivalent
8/2k1P3/1p6/5P2/4nnP1/8/6r1/5K2 w - - 5 85,GlueWinner,AlveBot,e7e8n,-9996,-9997,0.0,0.0,Equivalent
r5k1/p4pb1/7p/1B1R2p1/5p2/P5nP/1p4K1/1RB5 b - - 1 29,Norman1907,jne79,b2c1n,41,50,0.4642,0.4564,Equivalent
8/8/8/5k2/8/4K3/7p/5N2 b - - 1 55,OlympusCz,PositionalAI,h2h1n,0,0,0.5,0.5,Equivalent
8/3k1K2/8/4B3/2Q5/p7/p7/8 b - - 4 58,OlympusCz,YukariBot,a2a1n,9999,9999,0.0,0.0,Equivalent
8/6Pk/8/P7/4p3/8/6K1/8 w - - 1 60,Nikitosik-ai,OlympusCz,g7g8n,536,2370,0.8672,0.9998,Style / Flex
8/1P6/R7/8/8/5K2/p5p1/7k b - - 0 60,tomlesspit,magnusglad_bot,g2g1n,9994,9995,0.0,0.0,Equivalent
6K1/5n1P/6k1/8/8/8/8/8 w - - 6 62,Ac1000,XaMeJleoH,h7h8n,0,0,0.5,0.5,Equivalent
8/8/8/8/8/5K2/2R3p1/5k2 b - - 3 75,Tyumenskiy_KMC,uzb_2600,g2g1n,29,9999,0.4746,0.0,Brilliant
8/8/7p/6bP/4K1P1/1k6/p7/8 b - - 1 64,Tictoocchess,cbev378,a2a1n,-714,-9977,0.9241,1.0,Style / Flex
8/P7/4R3/8/8/1PB5/1KP1p3/3k4 b - - 1 57,Gianmarco_es,PaBr21,e2e1n,9999,9999,0.0,0.0,Equivalent
8/8/8/k1K5/P7/2N5/1p6/8 b - - 7 78,Chelanger-Bot,Lenya228_BOT,b2b1n,0,0,0.5,0.5,Equivalent
8/8/8/8/8/8/4Kpkp/5R2 b - - 3 61,SaVoSy,Ceburashka,h2h1n,0,0,0.5,0.5,Equivalent
8/8/8/8/3k4/8/pK6/8 b - - 1 102,OlympusBerserkCz,Nikitosik-ai,a2a1n,0,0,0.5,0.5,Equivalent
2r2b2/p3P1pk/2q3bp/1p1p3P/2p2B1Q/P7/1P3P2/R5K1 w - - 0 34,Gambitsever,Jan2010,e7f8n,-40,-23,0.4651,0.4799,Equivalent
r1bq1rk1/p3bppp/2P1p3/2p1P3/8/5N1P/PPp1QPP1/RNB2RK1 b - - 0 14,BlackBoarder,Aleator009,c2b1n,83,91,0.4279,0.421,Equivalent
8/5pk1/4p1p1/p2Q4/P7/1r5P/2R1p1K1/8 b - - 0 50,J_Oneee,MoonlightRider,e2e1n,-473,424,0.8396,0.1848,Brilliant
8/P4R2/8/8/4k3/2K5/8/r7 w - - 0 65,cinder-bot,Weiawaga,a7a8n,-4,-1,0.4965,0.4991,Equivalent
8/7P/8/8/8/3K4/1k6/8 w - - 0 82,cinder-bot,admonitor,h7h8n,0,9997,0.5,1.0,Blunder
8/8/8/8/5b2/8/Bp1k2Kp/8 b - - 87 131,PZChessBot,CPU2006,h2h1n,-5,0,0.5044,0.5,Equivalent
3Q4/1p2P1k1/p4p1n/P4P1q/1P1b4/1B6/5PK1/4R3 w - - 3 44,Euwe-chess-engine,FataliiBot,e7e8n,9994,9986,1.0,1.0,Equivalent
8/4PK2/3k4/5P2/8/8/4b3/8 w - - 1 108,AlwaysPlayMystery,Nikitosik-ai,e7e8n,4,0,0.5035,0.5,Equivalent
8/1P4Q1/p1k2p2/P1p5/6p1/5q2/3p3K/8 w - - 12 112,eabjabBOT,MateWithRook_SF17DEV,b7b8n,-69,-9998,0.4399,0.0,Brilliant
8/5kP1/8/B4K2/P7/8/8/8 w - - 1 69,Nikitosik-ai,TheUnforgivingBot,g7g8n,9991,9992,1.0,1.0,Equivalent
6K1/8/B7/8/8/8/1b1k1p2/8 b - - 13 149,ToromBot,Nikitosik-ai,f2f1n,-2,0,0.5017,0.5,Equivalent
8/5k1P/8/7K/8/6R1/5r2/8 w - - 1 69,Stockfish-MEDIUM,RaspFish,h7h8n,-4,0,0.4965,0.5,Equivalent
8/1P6/8/K3k3/8/1q6/8/8 w - - 1 77,FataliiBot,PZChessBot,b7b8n,-9996,-9996,0.0,0.0,Equivalent
1R6/2P3k1/8/8/8/8/5K2/2r5 w - - 13 64,cinder-bot,pawn_git,c7c8n,20,665,0.5175,0.9111,Blunder
Q5n1/pP6/k3N1p1/8/5p2/P1P5/2PB1P2/1R2K3 w - - 0 39,bot64jaques,Lynx_BOT,b7b8n,9999,9999,1.0,1.0,Equivalent
7Q/2P1kp2/6p1/8/7P/3r2NK/1p4P1/4q3 w - - 1 50,IguanaAstronaut,yiqulishang,c7c8n,-547,-9999,0.1285,0.0,Optimal
8/6P1/5k1P/8/4P1K1/4P3/r7/5q2 w - - 4 48,TheUnforgivingBot,Nikitosik-ai,g7g8n,-9997,-9998,0.0,0.0,Equivalent
8/4P2k/8/6K1/6P1/8/8/Q7 w - - 1 232,admonitor,cinder-bot,e7e8n,9999,0,1.0,0.5,Brilliant
8/8/8/6pk/8/3K4/7p/1r6 b - - 1 71,cheeseNet,Nikitosik-ai,h2h1n,-2390,-9995,0.9998,1.0,Equivalent
6K1/5P2/7b/8/8/4k2P/8/8 w - - 17 78,ArasanX,buffFishNet,f7f8n,9,0,0.5079,0.5,Equivalent
8/4p1P1/8/K7/P7/1k6/7Q/8 w - - 1 55,Nikitosik-ai,TheUnforgivingBot,g7g8n,9990,9997,1.0,1.0,Equivalent
3qrb1k/5Pp1/3p4/p1nNnN1P/Pp2P3/1Pr5/2P3Q1/1KB2R2 w - - 1 37,duchessAI,PZChessBot,f7e8n,502,483,0.8528,0.8443,Equivalent
6R1/8/8/3p3k/8/2P2K2/4r1p1/8 b - - 55 73,duchessAI,admonitor,g2g1n,-3,0,0.5026,0.5,Equivalent
8/4K3/8/8/7p/7P/4p1P1/3k4 b - - 1 62,Lynx_BOT,eabjabBOT,e2e1n,-614,-9990,0.8956,1.0,Style / Flex
8/7k/8/8/8/8/2K3pp/r7 b - - 1 59,buffFishNet,Nikitosik-ai,g2g1n,-9994,-9996,1.0,1.0,Equivalent
3Q4/2Pq4/3kp3/2R5/1P1b1P2/1K6/4p1P1/8 w - - 2 60,DarkOnBot,OlympusCz,c7c8n,10000,9999,1.0,1.0,Equivalent
5rk1/8/p5P1/8/2p3P1/8/PKB1p3/3R4 b - - 3 39,odonata-bot,cinder-bot,e2d1n,-1,-10,0.5009,0.5087,Equivalent
6K1/6PP/6k1/8/8/8/8/r7 w - - 1 69,No_signs_of_V,sebastien17,h7h8n,-438,-9999,0.1776,0.0,Optimal
7k/1KP5/8/8/8/8/8/8 w - - 0 68,cinder-bot,Lynx_BOT,c7c8n,0,9993,0.5,1.0,Blunder
5rr1/3k2P1/1n1p3B/4n3/1p6/pP3p2/P1P5/1K4R1 w - - 0 45,PZChessBot,GNU4u,g7f8n,-445,-453,0.174,0.17,Equivalent
8/8/4p3/6R1/8/7k/5K1p/8 b - - 3 55,Jora_Barygin,MrSOK,h2h1n,4835,5659,0.0,0.0,Equivalent
8/2P5/KP6/3k4/8/8/8/1q4b1 w - - 1 66,sumsar42,Hotprimus,c7c8n,-9992,-9999,0.0,0.0,Equivalent
r1b1r3/p2P1pkp/2p2np1/2pn3q/1P1Q4/P1P2P2/4NKPP/R4B1R w - - 0 19,Fritzi_2003,Sinsink98,d7e8n,603,9,0.8919,0.5079,Brilliant
8/3N4/6R1/1k6/2p2p2/2K2P2/1p4P1/3r4 b - - 7 64,Humuhumunukunukuapu,PZChessBot,b2b1n,-43,-15,0.5376,0.5131,Equivalent
8/4P2k/8/8/K7/P4Q2/Q7/8 w - - 1 58,cinder-bot,SaxtonEngine,e7e8n,9998,9998,1.0,1.0,Equivalent
8/8/8/5n2/k7/5K2/3p4/8 b - - 0 76,SaxtonEngine,cinder-bot,d2d1n,-26,-9990,0.5227,1.0,Blunder
3qr3/2p2P1k/1p2P1pp/1PpPQ3/3r4/3P2P1/7P/5RK1 w - - 3 37,Nyxnyxnyxnyxnyx,Alamzhi,f7e8n,9993,9993,1.0,1.0,Equivalent
8/1b1P1k2/1q4r1/pp2p1Q1/2p4P/8/1P4P1/3R3K w - - 1 33,AyChoco,Konkurs_prognozov,d7d8n,80,614,0.5695,0.8956,Blunder
8/5P1k/3KQ3/8/8/8/8/8 w - - 2 81,FlashNeo,InnocuousMate,f7f8n,9997,0,1.0,0.5,Brilliant
k7/P7/1K6/1N6/3P4/8/2p5/8 b - - 1 80,Ukraine-team-creator,simbelmyne-bot,c2c1n,9999,9987,0.0,0.0,Equivalent
8/P7/5kp1/3K3p/8/3p2P1/8/8 w - - 0 54,chessdiamant,luis2345genial,a7a8n,-734,2298,0.0712,0.9997,Blunder
2r3k1/P5pp/8/3p4/4p1n1/1p4P1/5PP1/R4BK1 w - - 1 36,KOHA_2019,AvvvA59,a7a8n,-369,429,0.2156,0.8178,Blunder
R7/8/8/8/2bnk3/1r6/K1p5/8 b - - 3 77,Antham,flachlachbesen,c2c1n,-9999,-9996,1.0,1.0,Equivalent
8/8/8/5p2/5P1K/5k1N/6p1/8 b - - 3 71,tomlesspit,duchessAI,g2g1n,0,0,0.5,0.5,Equivalent
K7/1P6/3q3k/8/4Q3/8/8/8 w - - 21 79,cinder-bot,SaxtonEngine,b7b8n,13,0,0.5114,0.5,Equivalent
1K5q/2P5/1k6/8/Q7/8/8/8 w - - 15 105,bot64jaques,eabjabBOT,c7c8n,18,0,0.5157,0.5,Equivalent
5R2/4P1k1/3q3p/6p1/p7/7P/P5P1/6K1 w - - 0 54,Nikitosik-ai,admonitor,e7e8n,534,39,0.8663,0.5341,Brilliant
5R2/1p2K1pk/2b2P1p/2P5/2q5/8/p4P2/8 b - - 0 51,Americanchampion,evilhamburger,a2a1n,-1026,-9996,0.9732,1.0,Equivalent
6k1/2bP1r2/p7/2pQ3p/2P4P/P7/8/7K w - - 3 48,cinder-bot,odonata-bot,d7d8n,619,634,0.8972,0.9019,Equivalent
8/p1P5/3k4/5b2/6p1/2R5/8/rNK5 w - - 9 48,PeachFruit,CPU2006,c7c8n,-319,-479,0.2467,0.1576,Optimal
8/8/2R5/1p3r2/1N6/8/1kp1K3/8 b - - 1 72,Nikitosikbot_v2,ArasanX,c2c1n,-24,22,0.521,0.4808,Equivalent
1r1rn1k1/1P3pp1/8/8/4p1PP/4P3/1pQ5/2R3K1 b - - 2 44,GNUPassant,CPU2006,b2c1n,-480,-441,0.8429,0.824,Equivalent
8/5Q2/p3p2k/Pb2P2P/1P6/4K3/2rp4/8 b - - 0 73,bot64jaques,eabjabBOT,d2d1n,34,9999,0.4703,0.0,Brilliant
8/8/8/8/p5k1/P3Kp2/7p/3N4 b - - 1 162,Nikitosikbot_v2,Nikitosik-ai,h2h1n,-21,395,0.5184,0.2006,Brilliant
2r1r3/5Pk1/8/1pqp3Q/8/8/PP3n1P/5RK1 w - - 0 44,PuyengLah,toninhojit,f7e8n,458,569,0.8324,0.8799,Equivalent
5rr1/p2n2Pk/1p5p/7P/3Bq1R1/P1P5/6P1/5RK1 w - - 1 32,petry70,peopleare_safe,g7f8n,816,584,0.9456,0.8853,Optimal
8/8/8/1K6/5k2/8/6p1/b6q b - - 1 84,simbelmyne-bot,cinder-bot,g2g1n,-9995,-9997,1.0,1.0,Equivalent
8/6P1/5k1K/8/8/8/8/6r1 w - - 3 62,STKA1969,Aborigen100500,g7g8n,-9989,-9999,0.0,0.0,Equivalent
8/6P1/8/Q7/8/3B4/8/3K2k1 w - - 1 75,cinder-bot,admonitor,g7g8n,9996,9998,1.0,1.0,Equivalent
8/7P/8/4p1N1/P7/1k4P1/4r3/5RK1 w - - 0 62,Turtle-turtle,ZackMatt,h7h8n,484,997,0.8447,0.9704,Style / Flex
8/5kP1/4p3/3n4/2K2P2/5rPR/8/8 w - - 1 61,Shprot86,DrawDenied_Twitch,g7g8n,-304,-335,0.2565,0.2364,Equivalent
8/8/8/8/1k6/8/p1K5/6q1 b - - 1 82,admonitor,cinder-bot,a2a1n,-9994,-9998,1.0,1.0,Equivalent
8/8/8/8/3k4/2p5/1pr4r/5K2 b - - 1 63,Attila76,schaakam,b2b1n,-9998,-10000,1.0,1.0,Equivalent
4K3/1r3P2/4k3/8/8/8/8/8 w - - 3 61,Chelanger-Bot,Moment-That-Inspires,f7f8n,-22,-9999,0.4808,0.0,Brilliant
8/2bP4/2P3p1/p5k1/P2p4/3Pq2Q/5pBP/4rR1K w - - 0 43,CPU2010,Nikitosik-ai,d7d8n,-567,-669,0.1208,0.0877,Equivalent
3R4/6P1/4R3/k7/8/8/5K2/8 w - - 1 65,cinder-bot,admonitor,g7g8n,9995,9997,1.0,1.0,Equivalent
8/8/8/1R6/8/r7/kpK5/8 b - - 1 64,simbelmyne-bot,cinder-bot,b2b1n,1,0,0.4991,0.5,Equivalent
8/8/8/8/p3K3/q1k5/7p/8 b - - 1 76,GlueWinner,Nikitosik-ai,h2h1n,-9993,-9997,1.0,1.0,Equivalent
3rnr2/pp1Pppkp/6p1/8/4bP2/1P5P/1PPRN1P1/5RK1 w - - 1 25,Jadoubovic11,BainaFlorid,d7e8n,-10,-14,0.4913,0.4878,Equivalent
8/5P2/8/2Q5/4B3/8/6K1/k7 w - - 1 77,cinder-bot,admonitor,f7f8n,9997,9999,1.0,1.0,Equivalent
5r2/r2RPp1p/6k1/8/p4pP1/8/7P/6K1 w - - 0 35,kingfisher999,bErSeRkExPeRt,e7f8n,578,331,0.8832,0.7611,Optimal
8/p7/8/R5K1/8/6k1/5p2/8 b - - 0 58,pawn_git,cinder-bot,f2f1n,38,-487,0.4668,0.8461,Blunder
8/P3r2k/6p1/7p/3R3P/6P1/4pPK1/8 b - - 0 64,Nikitosikbot_v2,ToromBot,e2e1n,20,12,0.4825,0.4895,Equivalent
8/8/8/1Q6/8/2K5/kp6/8 b - - 8 57,gAAAmbit,great_day,b2b1n,9994,9999,0.0,0.0,Equivalent
8/6PK/5k2/8/8/8/8/5r2 w - - 1 78,ToromBot,Stockfish-MEDIUM,g7g8n,-45,-9999,0.4607,0.0,Brilliant
r7/5Pk1/3K4/8/8/8/8/5R2 w - - 17 137,pawn_git,ToromBot,f7f8n,2,0,0.5017,0.5,Equivalent
5K2/4P2r/5k2/8/8/8/8/8 w - - 3 120,ToromBot,DarkOnBot,e7e8n,-44,-9999,0.4616,0.0,Brilliant
8/3k1P2/8/2K1P3/6p1/6P1/8/8 w - - 1 75,GlueWinner,InanisBot,f7f8n,9979,9996,1.0,1.0,Equivalent
7r/1p5P/p1pP4/P1P5/1Pn1k2P/4p3/2K2p2/4BR2 b - - 2 89,chess-2-bot,Euwe-chess-engine,f2e1n,-465,-471,0.8358,0.8387,Equivalent
8/4P3/8/8/3k4/8/5K2/4R3 w - - 1 100,HunterxBarrial,crunchy_roll,e7e8n,479,9996,0.8424,1.0,Style / Flex
3B1r2/R5pk/3R4/5p2/7p/P4b1n/1Q3p1K/8 b - - 1 48,CPU1998,eggnog-chess-engine,f2f1n,9995,9999,0.0,0.0,Equivalent
8/1P4p1/2k5/4Qp1p/4bP1P/5qPK/8/8 w - - 9 114,CPU2002,KarimBOT,b7b8n,-431,-9999,0.1812,0.0,Optimal
8/8/8/3K4/8/5p2/1pr5/k7 b - - 1 70,simbelmyne-bot,cinder-bot,b2b1n,-9993,-9996,1.0,1.0,Equivalent
r7/3R3P/6k1/8/6K1/8/8/8 w - - 13 68,SaxtonEngine,cinder-bot,h7h8n,0,0,0.5,0.5,Equivalent
7Q/5k2/3Q4/p1p2p2/2P5/8/p1K5/8 b - - 0 87,MateWithRook_SF17DEV,Stockfish-MEDIUM,a2a1n,9998,9999,0.0,0.0,Equivalent
8/7p/6p1/8/2k1P2P/8/2NK1p2/8 b - - 2 52,KornBizk1t,nooartur,f2f1n,3,3,0.4974,0.4974,Equivalent
8/3P1k2/2Q5/3r1b2/p5p1/Pp6/1P1q4/K4R2 w - - 1 44,IslandWalker,Rescatador,d7d8n,-405,394,0.1951,0.7988,Blunder
3r4/P1p5/2P3k1/1K6/8/1P6/8/6qq w - - 0 66,TheUnforgivingBot,Yebot,a7a8n,-9997,-9998,0.0,0.0,Equivalent
8/8/7Q/3p4/2p5/pn6/1p3R2/3k2K1 b - - 17 81,chess-2-bot,Euwe-chess-engine,b2b1n,526,559,0.1369,0.1238,Equivalent
8/8/8/R7/8/2p5/6Kp/2k5 b - - 3 100,Nikitosikbot_v2,We-friend,h2h1n,0,0,0.5,0.5,Equivalent
7k/4Pq2/8/8/5Q2/5K2/8/8 w - - 11 97,We-friend,TheFreshman1902,e7e8n,0,0,0.5,0.5,Equivalent
4k3/p7/4p3/P3Pp2/5bpP/1K1P4/2p1N1P1/8 b - - 0 57,Euwe-chess-engine,SaxtonEngine,c2c1n,-538,-591,0.868,0.8878,Equivalent
8/8/8/5p2/2K1kr2/8/6p1/8 b - - 1 61,Pougkitos,gmlololo,g2g1n,-9990,-9996,1.0,1.0,Equivalent
4q3/P7/1K3b2/3B4/1p6/5p2/6k1/7q w - - 1 58,bot64jaques,Lynx_BOT,a7a8n,-9995,-9995,0.0,0.0,Equivalent
8/4pk1P/1p1pR3/pP1P1p1K/5P2/8/8/6r1 w - - 1 72,TheMadSponge,Skat-E,h7h8n,397,-387,0.8005,0.2051,Brilliant
8/8/8/8/8/5K2/1R4p1/5k2 b - - 7 67,sillyMASTER,JuegoMarihuano,g2g1n,40,9999,0.4651,0.0,Brilliant
B6Q/5P2/4K3/8/8/8/8/2k5 w - - 1 64,cinder-bot,SaxtonEngine,f7f8n,9995,9997,1.0,1.0,Equivalent
4R3/5P2/4K3/1k6/2n5/b7/8/8 w - - 99 201,InanisBot,PZChessBot,f7f8n,32,29,0.528,0.5254,Equivalent
7R/8/8/1QP5/8/3K1k2/4p3/8 b - - 0 72,PZChessBot,chess-2-bot,e2e1n,9992,9995,0.0,0.0,Equivalent
7Q/8/2k3N1/8/8/5P2/p1n2KP1/8 b - - 0 57,Ukraine-team-creator,bot_adario,a2a1n,730,531,0.0721,0.1349,Suboptimal
6K1/1p5P/4kq2/3n4/3P1p2/8/8/8 w - - 3 56,Abdallah1990,Pitong_Gatang,h7h8n,-9998,-9999,0.0,0.0,Equivalent
8/2k2p2/Q1pNp1p1/2P5/5nP1/5P2/P2p1K2/4r3 b - - 0 32,Nurlan_Ibrayev,TheEloist,d2d1n,848,9999,0.0489,0.0,Equivalent
8/7k/1p1b2p1/2p5/1PP5/5K1P/1q4p1/8 b - - 0 67,PeachFruit,PZChessBot,g2g1n,-9998,-9998,1.0,1.0,Equivalent
4K3/2r2P2/4k3/P7/8/8/8/8 w - - 3 77,mayhem23111,tomlesspit,f7f8n,-46,-9999,0.4598,0.0,Brilliant
8/2P1k3/N3P3/3K4/5b2/8/8/8 w - - 1 86,MateWithRook_SF17DEV,odonata-bot,c7c8n,559,9994,0.8762,1.0,Style / Flex
4R3/8/8/8/8/3K1k2/4p3/8 b - - 3 68,Lector118,sheptunis,e2e1n,446,9987,0.1735,0.0,Optimal
7Q/8/8/8/1P6/3k1p2/4pK2/8 b - - 1 46,KairovKBR,Rifarligson,e2e1n,9985,9986,0.0,0.0,Equivalent
8/6k1/8/8/8/3Q3P/4p1KP/8 b - - 0 90,CPU1998,halcyonbot,e2e1n,0,792,0.5,0.0589,Brilliant
8/Q7/8/3k1p2/5P1p/5P1P/4K1p1/2q5 b - - 31 102,expositor,OlympusCz,g2g1n,-1027,-1027,0.9733,0.9733,Equivalent
5b1k/3P1P2/6PP/5K2/8/8/8/N7 w - - 1 56,bata_njaa,PAWN_OF_DUBAI,d7d8n,9993,0,1.0,0.5,Brilliant
5k2/7P/3n4/6K1/8/2N5/8/8 w - - 0 81,cinder-bot,simbelmyne-bot,h7h8n,-4,2277,0.4965,0.9997,Blunder
r5k1/pp4r1/3p2qn/N2Pp2p/1P2Pp1Q/2R2P1P/P3B1pK/5NR1 b - - 0 32,adjihartonomnwn,Ahmadraihan15,g2f1n,-9999,-9993,1.0,1.0,Equivalent
8/2p5/2P5/6k1/8/2q5/K2p4/8 b - - 1 107,fornax-engine,Lynx_BOT,d2d1n,-9999,0,1.0,0.5,Brilliant
8/5k2/4pB2/4P3/6r1/3K1R2/2p2P2/8 b - - 2 48,Rubble24,BRM1965,c2c1n,4,-14,0.4965,0.5122,Equivalent
8/8/8/8/8/5K2/2r3pk/Q7 b - - 35 225,CPU2006,PZChessBot,g2g1n,0,9999,0.5,0.0,Brilliant
rnb1kb1r/pp1p1ppp/4pn2/8/1PN2B2/4PN2/1Pp2PPP/R2QKB1R b KQkq - 0 9,iakov98,Kacem2014,c2d1n,35,31,0.4694,0.4729,Equivalent
8/5p2/4b1k1/8/6r1/8/5p1K/8 b - - 1 69,MrCrusher,Rekcirts,f2f1n,-9998,0,1.0,0.5,Brilliant
8/3Pkp2/p3p1p1/2K1P3/5P1p/8/8/8 w - - 1 37,vistagusta,ScareCCrow06PL,d7d8n,-775,-1196,0.0622,0.015,Equivalent
8/5k2/8/8/8/1K6/5q1p/8 b - - 1 49,SaxtonEngine,cinder-bot,h2h1n,-9992,-9997,1.0,1.0,Equivalent
8/P7/8/8/8/8/KP1k1p2/5Q2 w - - 1 68,kasparik_garik,emiliooo,a7a8n,9983,9997,1.0,1.0,Equivalent
N7/1P6/8/8/1k6/8/K4p2/5Q2 w - - 1 73,kasparik_garik,emiliooo,b7b8n,9993,9998,1.0,1.0,Equivalent
8/5p1k/6p1/1p1P4/1P6/3PP1N1/RQ3K1p/2rq4 b - - 1 42,CPU2002,canary_colinbot,h2h1n,-420,-474,0.8131,0.8401,Equivalent
5r1k/6pp/2p5/P4Q2/1P6/2P2pPP/5p1K/3Rr3 b - - 2 35,Sergei_Fenix,gepard2014,f2f1n,-212,9999,0.6774,0.0,Brilliant
1R3rk1/2P3p1/1p1p3p/8/8/2r4P/6K1/8 w - - 3 51,asanovski,EatPastaGoFasta,c7c8n,-679,-679,0.085,0.085,Equivalent
8/3P1kp1/2p4p/2B5/4Q3/P3P3/1r2q1PP/6K1 w - - 1 38,IGS_Progresa,Yakamuzosan,d7d8n,0,-9999,0.5,0.0,Brilliant
r3r2k/p1p2R1p/b1p5/8/2n1p2Q/1P6/P5pK/q4B2 b - - 1 30,songsololevel,HELIOLUPOSSA,g2f1n,-778,9999,0.9384,0.0,Brilliant
8/5P2/8/4k1K1/5n1p/7P/8/8 w - - 1 72,Moment-That-Inspires,ToromBot,f7f8n,-3,0,0.4974,0.5,Equivalent
8/2pk1bP1/8/6K1/3B4/pr5p/8/8 w - - 0 53,Euwe-chess-engine,TheUnforgivingBot,g7g8n,-9990,-9990,0.0,0.0,Equivalent
8/8/8/7n/2N2P2/5K2/1pk5/8 b - - 1 50,Monarch2023,NedamReddam,b2b1n,2,0,0.4983,0.5,Equivalent
8/8/8/2p1N3/pkP5/8/2K1pP2/8 b - - 1 78,admonitor,cinder-bot,e2e1n,-15,288,0.5131,0.2674,Brilliant
7K/5P2/3BN1k1/3b4/6r1/8/8/8 w - - 5 134,colinbot,ArasanX,f7f8n,-59,-589,0.4486,0.1129,Brilliant
6r1/2KP1kp1/4R2p/5P1P/pp6/8/P7/8 w - - 7 50,ToromBot,GlueWinner,d7d8n,741,803,0.9304,0.9432,Equivalent
8/4k3/8/8/8/6pp/1p1pq3/6K1 b - - 1 67,KungFuPanda100,SouthAfricanWolf,d2d1n,-9999,-10000,1.0,1.0,Equivalent
8/4k3/8/8/8/6pp/1p2q3/3n3K b - - 1 68,KungFuPanda100,SouthAfricanWolf,b2b1n,-9999,-9999,1.0,1.0,Equivalent
1r6/5RP1/8/8/K7/3k4/8/8 w - - 0 61,cinder-bot,SaxtonEngine,g7g8n,0,0,0.5,0.5,Equivalent
8/8/8/3k4/8/5pp1/3pp3/7K b - - 1 68,Unagi5,Pernambuquinho,d2d1n,-9999,-10000,1.0,1.0,Equivalent
8/p7/6p1/1p1k4/6K1/8/p7/8 b - - 1 47,The_Void_Which_Binds,Sergei_Fenix,a2a1n,-1028,-1219,0.9734,0.9862,Equivalent
6q1/1PQ5/k2K4/8/8/8/8/8 w - - 13 148,pawn_git,DarkOnBot,b7b8n,27,0,0.5236,0.5,Equivalent
5K2/8/8/3q4/8/Q6b/6p1/7k b - - 5 116,odonata-bot,DarkOnBot,g2g1n,-314,0,0.7501,0.5,Brilliant
3QQ3/6kp/6p1/3n4/2p5/7P/5pPK/8 b - - 0 55,OlympusCz,GNUPassant,f2f1n,9997,9998,0.0,0.0,Equivalent
8/1p2P1k1/5p1p/6p1/3Q2P1/1q5r/3RK3/8 w - - 1 62,vistagusta,bulletnik,e7e8n,306,-9997,0.7448,0.0,Brilliant
2Q5/4k3/8/6N1/1P6/2B2K2/1P2p3/8 b - - 2 63,Moment-That-Inspires,duchessAI,e2e1n,9996,9997,0.0,0.0,Equivalent
4Q3/8/5P1k/4K3/6R1/4P3/7p/5r2 b - - 2 62,Zenekritikus04,KAVO_LIDER,h2h1n,9999,9999,0.0,0.0,Equivalent
8/1Q6/6pk/8/7P/6P1/1p3PK1/8 b - - 2 54,R-o-j-i-t-o,Frenki78,b2b1n,1156,1584,0.0172,0.0039,Equivalent
8/4PP2/4K1k1/8/8/7P/8/RNB2B2 w - - 3 110,IAmMateCheckMate,justantan,f7f8n,9997,9999,1.0,1.0,Equivalent
k5r1/pR1qp3/Q2p4/3P4/5br1/8/P1P1KPp1/1R6 b - - 1 33,BocchoiBoi,vswccaap,g2g1n,9995,9999,0.0,0.0,Equivalent
6K1/3Pq3/4k3/8/3Q4/8/8/8 w - - 3 95,PeachFruit,PZChessBot,d7d8n,15,0,0.5131,0.5,Equivalent
8/2P5/4K2p/7k/5q2/8/8/3q4 w - - 0 59,daniel_chessbot,Weiawaga,c7c8n,-9998,-9999,0.0,0.0,Equivalent
4n3/4k1PK/8/8/3N4/8/8/8 w - - 1 120,Stockfish-MEDIUM,ToromBot,g7g8n,0,0,0.5,0.5,Equivalent
8/4P2K/8/2Q5/8/8/2pk4/8 b - - 0 73,Aktinia22,LichForLabs,c2c1n,9996,569,0.0,0.1201,Suboptimal
4K3/5P2/4k1P1/8/8/8/2r5/8 w - - 3 74,LeelaChessTest,ToromBot,f7f8n,-35,-9999,0.4694,0.0,Brilliant
2k5/ppp2p2/4p3/4P3/2PR4/P7/1P2BKpr/8 b - - 0 26,bingo95,ChessWarrior_222,g2g1n,-423,-411,0.8146,0.8082,Equivalent
8/3P1kr1/p3q3/2Q2p2/8/P1NP4/1PP2P2/1K6 w - - 1 48,ManulPalace,messi_is_goat,d7d8n,812,-9998,0.9449,0.0,Brilliant
8/8/8/1Q6/3b4/8/3k1p1K/6r1 b - - 12 119,PZChessBot,CPU2002,f2f1n,-30,0,0.5262,0.5,Equivalent
8/8/5K1p/4p3/4rk2/6p1/1p6/8 b - - 1 62,ian_j,Cann_Karo,b2b1n,-9994,-9996,1.0,1.0,Equivalent
8/8/6K1/8/3r1k2/8/4p3/1n6 b - - 1 70,ian_j,Cann_Karo,e2e1n,-9993,-9997,1.0,1.0,Equivalent
k6K/5qPp/6b1/8/8/8/4p3/8 w - - 0 60,banan555,BlackScholesModel,g7g8n,-9997,-9994,0.0,0.0,Equivalent
8/8/8/8/8/kp1K4/2p1N3/8 b - - 3 77,ToromBot,ArasanX,c2c1n,0,0,0.5,0.5,Equivalent
8/8/8/8/8/k7/1pK5/2N5 b - - 1 79,ToromBot,ArasanX,b2c1n,0,0,0.5,0.5,Equivalent
8/5Ppk/7p/2b5/6QP/5P1K/5qP1/r7 w - - 6 55,duchessAI,AndScacs1,f7f8n,-607,-9999,0.1067,0.0,Optimal
6kb/5p1p/3p3P/1Q1P2P1/1P1q4/P2nB1R1/2p1K3/8 b - - 10 50,Hammurapi65,snidvongs,c2c1n,798,9999,0.0577,0.0,Optimal
8/8/4p3/p2kP2P/P1n1NK2/8/3p4/8 b - - 1 56,NoxAmor,TheMagnet,d2d1n,247,328,0.2964,0.2409,Optimal
3rn3/1pb2Pk1/2p3p1/p6p/P1B4P/1PP3P1/2Rr1PK1/8 w - - 0 87,expositor,sharpSundae,f7e8n,61,48,0.5532,0.5419,Equivalent
8/1P5R/r1k5/8/8/1K6/8/8 w - - 0 90,chess-2-bot,bot64jaques,b7b8n,485,9982,0.8452,1.0,Style / Flex
8/7P/8/3K4/2P1NQ2/P7/8/4k3 w - - 1 66,cinder-bot,SaxtonEngine,h7h8n,9998,9998,1.0,1.0,Equivalent
Q7/7p/6k1/2pK2n1/8/2N5/1p6/8 b - - 0 62,Ukraine-team-creator,duchessAI,b2b1n,589,605,0.1129,0.1074,Equivalent
6r1/2P1k2p/R2p1p2/5P1K/5r2/8/2R4P/8 w - - 1 40,TheUnforgivingBot,cinder-bot,c7c8n,43,-9998,0.5376,0.0,Brilliant
8/4P1kp/3p4/np1B1pp1/3P3Q/1P4PK/3q3P/8 w - - 1 37,IOzcOach,manuel-abarca,e7e8n,-254,330,0.2913,0.7604,Blunder
8/5k1P/5p2/5P2/1r2pK2/8/7R/1q6 w - - 0 56,ChessTiger67,zee-egel,h7h8n,-9994,-9996,0.0,0.0,Equivalent
8/8/8/8/8/4K3/R4p2/4k3 b - - 3 87,tomlesspit,Nikitosik-ai,f2f1n,40,9999,0.4651,0.0,Brilliant
8/4P1k1/8/2Q1K3/8/8/8/1q6 w - - 81 163,Stockfish-MEDIUM,MateWithRook_SF17DEV,e7e8n,61,0,0.5532,0.5,Optimal
r3r1k1/1p3ppp/p7/P1Np1n2/1P1P4/2P2P1P/4p2K/R3RN2 b - - 0 27,cibona,Jobavalover2004,e2f1n,-121,-1,0.6043,0.5009,Optimal
n6K/P7/8/8/4N3/8/3pk3/8 b - - 7 72,Statham_13,d4-Kf6,d2d1n,4,19,0.4965,0.4834,Equivalent
8/8/8/1p6/8/2QK4/p7/1k6 b - - 7 75,miki_train,cow-lover,a2a1n,9995,9999,0.0,0.0,Equivalent
8/8/8/B7/8/8/4pK2/3k4 b - - 45 71,Hungrypawngrabber,ElGordo,e2e1n,-8,13,0.507,0.4886,Equivalent
8/8/8/8/8/4K3/3p3R/4k3 b - - 3 58,Stockfish-MEDIUM,DarkOnBot,d2d1n,16,9999,0.486,0.0,Brilliant
8/2Q1nk2/1p6/p2p3q/P2P4/4P1K1/5PBp/8 b - - 7 46,Konnov_Oleg,insaneprep,h2h1n,-343,-299,0.7686,0.7401,Equivalent
6k1/8/3p4/8/8/5q2/4p2K/8 b - - 1 68,PeachFruit,Lynx_BOT,e2e1n,-9999,0,1.0,0.5,Brilliant
8/6P1/8/8/5P2/PPk1nB2/3p1K2/8 b - - 1 59,suaiFinn,blitzBeastt,d2d1n,704,800,0.0784,0.0573,Equivalent
4RB2/6P1/8/3k1K2/8/8/8/8 w - - 1 78,sparrow1,xander_01,g7g8n,596,9997,0.8895,1.0,Style / Flex
3r3k/3P1P2/4B1p1/7p/3R3P/6P1/5PK1/4r3 w - - 2 58,EliteLeela,TheUnforgivingBot,f7f8n,523,510,0.8618,0.8563,Equivalent
1R6/6k1/8/5Kp1/6P1/8/1p6/8 b - - 1 85,ovosh_ogurech,FlyyElloW_2000YO,b2b1n,9992,9992,0.0,0.0,Equivalent
5K2/8/6kp/7n/6r1/2b5/p7/4bb2 b - - 1 60,Almost_GM,MiroulLaSurie,a2a1n,-9996,-9997,1.0,1.0,Equivalent
8/8/6k1/3K4/6r1/2b5/2n3np/4bb2 b - - 1 68,Almost_GM,MiroulLaSurie,h2h1n,-9994,-9996,1.0,1.0,Equivalent
8/2R3P1/5k2/7K/8/8/8/1r6 w - - 11 54,Alice-Cesarina,Ukraine-team-creator,g7g8n,-9,-6,0.4921,0.4948,Equivalent
4Rb1r/ppk4p/8/3B4/2pP4/P1P2R2/1P2KPpq/8 b - - 1 39,ftorodent,S_Ovsejevitsch,g2g1n,-719,-595,0.9253,0.8892,Equivalent
r3r1k1/2q3pp/8/p7/P1P5/B5PP/Q2p1p1K/R7 b - - 0 34,Akamas87,almendra4444,f2f1n,-9995,-9994,1.0,1.0,Equivalent
8/6pp/8/5P2/4k1P1/1N5P/nbpBK3/8 b - - 3 46,matrix12345,MagiciansPath234,c2c1n,-389,-398,0.796,0.8011,Equivalent
5Q2/7p/8/8/5KP1/7P/kp6/8 b - - 0 48,tryhard122,gmlectures,b2b1n,757,919,0.066,0.0385,Equivalent
1r2r3/3PP3/5kp1/2p5/p3R1p1/P1P5/5PP1/6K1 w - - 1 47,white-arkangel,Zacatelco,d7e8n,352,378,0.7742,0.7897,Equivalent
